<?xml version="1.0" encoding="UTF-8"?>
<!DOCTYPE mapper PUBLIC "-//mybatis.org//DTD Mapper 3.0//EN" "http://mybatis.org/dtd/mybatis-3-mapper.dtd">

<mapper namespace="com.infox.tourism.dao.team.TeamMapper">
	
	<!-- 查询线路列表 -->
	<select id="find" resultType="com.infox.tourism.entity.team.TeamLine">
		SELECT
			a.line_id,
			a.l_url,
			a.line_name,
			a.price_adult,
			b.duration_time,
			c.d_country,
			c.d_province
		FROM
			line a
		JOIN line_duration b ON a.line_duration_id = b.line_duration_id
		JOIN destination_info c ON c.destination_id = a.destination_id
		WHERE
			(
				SELECT
					count(1)
				FROM
					activity_info
				WHERE
					a.line_id = line_id
				AND (
					activity_status = 1
					OR activity_status = 2
					OR activity_status = 3
					OR activity_status = 5
				)
			) > 0
		ORDER BY
			a.create_time DESC
	</select>
	
	<!-- 查询线路详情 -->
	<select id="queryLineDetail" resultType="com.infox.tourism.entity.team.TeamLineDetail">
		SELECT
			a.line_id,
			a.l_url,
			a.line_name,
			a.l_details,
			a.l_cost,
			a.l_trip,
			a.price_adult,
			b.duration_time,
			c.d_country,
			c.d_province
		FROM
			line a
		JOIN line_duration b ON a.line_duration_id = b.line_duration_id
		JOIN destination_info c ON c.destination_id = a.destination_id
		WHERE a.line_id=#{lineId}
	</select>
	
	<!-- 查询线路下的活动列表, 只查询3条数据 -->
	<select id="queryActivityByLineId" resultType="com.infox.tourism.entity.team.TeamActivity">
		SELECT
			a.activity_id,
			a.activity_name,
			a.activity_status,
			a.outset_time,
			a.subtitle,
			a.cover_id,
			a.destination,
			a.type_dic_id AS activity_type
		FROM
			activity_info a
		WHERE
			a.line_id = #{lineId}
		AND (
			a.activity_status = 1
			OR a.activity_status = 2
			OR a.activity_status = 3
			OR a.activity_status = 5
		)
		group by a.activity_name
		order by a.outset_time ASC
		LIMIT 0, #{size}
	</select>
	
	<!-- 查询线路下的活动列表 -->
	<select id="queryActivityList" resultType="com.infox.tourism.entity.team.TeamActivity">
		SELECT
			a.activity_id,
			a.activity_name,
			a.activity_status,
			a.outset_time,
			a.cover_id,
			a.destination,
			a.type_dic_id AS activity_type
		FROM
			activity_info a
		WHERE
			a.line_id = #{lineId}
		AND (
			a.activity_status = 1
			OR a.activity_status = 2
			OR a.activity_status = 3
			OR a.activity_status = 5
		)
		group by a.activity_name
		order by a.outset_time ASC
	</select>
	
</mapper>