<?xml version="1.0" encoding="UTF-8"?>
<!DOCTYPE mapper PUBLIC "-//mybatis.org//DTD Mapper 3.0//EN" "http://mybatis.org/dtd/mybatis-3-mapper.dtd">

<!-- 活动实际支出 -->
<mapper namespace="com.infox.tourism.dao.v2.ActivityActualPaymentMapper">

	<update id="updateByActivityActualPaymentId" >
		update activity_actual_payment
		<set>
			<if test="activityId != null">
				activity_id = #{activityId},
			</if>
			<if test="leaderId != null">
				leader_id = #{leaderId},
			</if>
			<if test="projectName != null">
				project_name = #{projectName},
			</if>
			<if test="projectAmount != null">
				project_amount = #{projectAmount},
			</if>
			<if test="projectDesc != null">
				project_desc = #{projectDesc},
			</if>
			<if test="updateTime != null">
				update_time = #{updateTime},
			</if>
			<if test="updateBy != null">
				update_by = #{updateBy}
			</if>
		</set>
		where activity_actual_payment_id = #{activityActualPaymentId}
	</update>

</mapper>