<?xml version="1.0" encoding="UTF-8"?>
<!DOCTYPE mapper PUBLIC "-//mybatis.org/DTD Mapper 3.0" "http://mybatis.org/dtd/mybatis-3-mapper.dtd">

<mapper namespace="com.infox.tourism.dao.v2.ActivitySummaryMapper">

	<sql id= "ref">
		activity_summary_id,activity_id,leader_id,summary,status,is_delete,create_time,create_by,update_time,update_by
	</sql>
	
	<select id="selectByActivitySummaryId" parameterType="String" resultType="com.infox.tourism.entity.v2.activitysummary.ActivitySummary">
		select 
		<include refid="ref"/>
		from activity_summary where activity_summary_id=#{activitySummaryId}
	</select>
	
	<select id="findByActivityId" parameterType="String" resultType="com.infox.tourism.entity.v2.activitysummary.ActivitySummary">
		select 
		<include refid="ref"/>
		from activity_summary where activity_id=#{activityId}
	</select>
	
	
	<select id="selectAllActivitySummary" resultType="com.infox.tourism.entity.v2.activitysummary.ActivitySummary">
		select <include refid="ref"/>
		from activity_summary
		where 1=1
		<if test="activitySummaryId != null">
		and activity_summary=#{activitySummaryId}
		</if>
	</select>
	
	<update id="deleteByActivitySummaryId" parameterType="String" >
		update activity_summary 
		set  is_delete=1 
		swhere activity_summary=#{activitySummaryId}
	</update>
</mapper>