<?xml version="1.0" encoding="UTF-8"?>
<!DOCTYPE mapper PUBLIC "-//mybatis.org//DTD Mapper 3.0//EN" "http://mybatis.org/dtd/mybatis-3-mapper.dtd">

<mapper namespace="com.infox.tourism.dao.v2.ActivityAdvancePaymentMapper">



	

	<update id="updateByActivityAdvancePaymentId" >
		update activity_advance_payment
		<set>
			<if test="projectName != null">
				project_name = #{projectName},
			</if>
			<if test="projectAmount != null">
				project_amount = #{projectAmount},
			</if>
			<if test="projectDesc != null">
				project_desc = #{projectDesc},
			</if>
			<if test="projectStatus != null">
				project_status = #{projectStatus},
			</if>
			<if test="updateTime != null">
				update_time = #{updateTime},
			</if>
			<if test="updateBy != null">
				update_by = #{updateBy}
			</if>
		</set>
		where activity_advance_payment_id = #{activityAdvancePaymentId}
	</update>
	
</mapper>