<?xml version="1.0" encoding="UTF-8"?>
<!DOCTYPE mapper PUBLIC "-//mybatis.org//DTD Mapper 3.0//EN" "http://mybatis.org/dtd/mybatis-3-mapper.dtd">

<mapper namespace="com.infox.tourism.dao.v2.WithdrawalRecordMapper">
	<sql id="ref">
		withdrawal_record_id,user_id,amount,withdrawal_account,withdrawal_account_name,status,reason,create_time,create_by,update_time,update_by
	</sql>
	
	
<!-- 	<insert id="insert" parameterType="com.infox.tourism.entity.WithdrawalRecordEntity" > -->
<!-- 		insert into withdrawal_record(withdrawal_record_id,user_id,amount,withdrawal_account,withdrawal_account_name,status,reason,create_time,create_by,update_time,update_by) -->
<!-- 			values (#{withdrawalRecordId},#{userId},#{amount},#{withdrawalAccount},#{withdrawalAccountName},#{status},#{reason},#{createTime},#{createBy},#{updateTime},#{updateBy}) -->
<!-- 	</insert> -->
	
	<select id="selectByUserId" parameterType="String" resultType="com.infox.tourism.entity.WithdrawalRecordEntity">
		select <include refid="ref"/> 
		from withdrawal_record 
		where  user_id=#{userId}
	</select>
	
	<select id="selectAllWithdrawalRecord" resultType="com.infox.tourism.entity.WithdrawalRecordEntity">
		select <include refid="ref"/> 
		from withdrawal_record 
		where 1=1 
			<if test="withdrawalRecordId!=null">
			and withdrawal_record_id=#{withdrawalRecordId}
			</if>
	</select>
	
	<select id="findByUserId" resultType="com.infox.tourism.entity.WithdrawalRecordEntity">
		select DISTINCT withdrawal_account
			from withdrawal_record 
			where user_id=#{userId} 
	</select>
	
</mapper>

