<?xml version="1.0" encoding="UTF-8"?>
<!DOCTYPE mapper PUBLIC "-//mybatis.org//DTD Mapper 3.0//EN" "http://mybatis.org/dtd/mybatis-3-mapper.dtd">

<mapper namespace="com.infox.tourism.dao.activity.ActivityMapper">

    <select id="getActivityTripById" resultType="com.infox.tourism.entity.v2.activityInfo.ActivityTripVO">
		select 
			ai.a_trip as activity_trip,
			ai.a_details as activity_details,
			ai.a_cost as activity_cost
		from activity_info ai
		where ai.activity_id=#{activityId}
	</select>

    <sql id="base_activity">
        (SELECT
        ai.activity_id,
        ai.activity_name,
        ai.warm_prompt,
        ai.type_dic_id as activity_type,
        activityType.dic_name as activity_type_name,
        ai.line_id,
        ai.a_employ,
        ai.insurances_id,
        ai.is_delete,
        ai.activity_status,
        <!-- 			ai.a_trip as activity_trip, -->
        <!-- 			ai.a_details as activity_details, -->
        <!-- 			ai.a_cost as activity_cost, -->
        ai.child_price,
        ai.adult_price,
        ai.vip_price,
        ai.shelf_time,
        ai.a_status,
        ai.sorting,
        ai.shelves_time,
        ai.most_people_sum,
        ai.form_people,
        ai.people_sum,
        ai.qr_code,
        ai.outset_time,
        ai.return_time,
        ai.a_label,
        ai.by_safe,
        ai.by_product,
        ai.earn_point,
        ai.rebate,
        ai.meeting_place,
        ai.cover_id,
        ai.url,
        ai.display_url,
        ai.subtitle,
        line.destination_id,
        line.line_level_id,
        line.line_name,
        line.line_type_id,
        lineLevel.ll_level as line_level,
        lineDuration.duration_time as line_duration,
        dataDic.dic_name as line_age,
        lineDuration.line_duration_id
        FROM activity_info ai
        join line line on ai.line_id=line.line_id
        join line_level lineLevel on line.line_level_id=lineLevel.line_level_id
        join line_type lineType on lineType.line_type_id=line.line_type_id
        join line_duration lineDuration on lineDuration.line_duration_id=line.line_duration_id
        join data_dic dataDic on line.l_age=dataDic.dic_type and dataDic.is_delete=1 and dataDic.dic_value='AGE_3'
        join data_dic activityType on activityType.dic_type=ai.type_dic_id and activityType.dic_value='ACTIVITIE_2')
        base
    </sql>

    <!-- 查询活动详细信息 -->
    <select id="queryActivityDetail" resultType="com.infox.tourism.entity.vo.activity.Activity">
        select
        base.*
        from
        <include refid="base_activity"/>
        WHERE
        base.activity_id=#{activityId}
    </select>

    <!-- 修改活动状态 -->
    <update id="updateActivityStatus">
		update activity_info set activity_status=#{activityStatus} where activity_id=#{activityId}
	</update>

    <!-- 查询活动状态 -->
    <select id="queryActivityStatus" resultType="com.infox.tourism.entity.vo.activity.ActivityBase">
		select a_status,activity_status,qr_code from activity_info where activity_id=#{activityId}
	</select>

    <!-- 查询活动列表 -->
    <select id="queryActivityList" resultType="com.infox.tourism.entity.vo.activity.Activity">
        select
        base.*
        from
        <include refid="base_activity"/>
        WHERE base.line_id=#{lineId}
        <!-- a_status -1审核不通过 0未提交 1 审核中 2 审核通过 3 已发布 4 取消 -->
        and base.a_status = 3
        <!-- 活动状态，1已报满  2已成行  3报名中   4已截止  5  即将成行 6 已下架 7(未成行)已取消 -->
        and base.activity_status != 4
        and base.activity_status != 6
        and base.activity_status != 7
        and base.is_delete != 0
        order by base.outset_time asc
    </select>

    <!-- 查询活动已参加人数 -->
    <select id="queryActivityPeopleNum" resultType="int">
        SELECT
        count(1)
        FROM
        pedestrian_info a
        join order_info oi on a.order_id=oi.order_id
        WHERE
        a.is_delete != 0
        AND a.activity_id = #{activityId}

        <!-- 1:正常,2:已改期,3:已退款,4:申请退款 -->
        <!-- 		AND a.pedestrian_status != 2 -->
        <!-- 		AND a.pedestrian_status != 3 -->
        <!-- 		AND a.pedestrian_status != 4 -->
        AND a.pedestrian_status = 1

        <!-- 支付状态[0，未付款, 1，已付款  -1,退款] -->
        AND oi.pay_status != -1
        AND oi.pay_status != 0
        AND (oi.is_delete is null or oi.is_delete=1)

        <!-- (0:新订单  1:取消订单 2:退款申请 3:退款失败 4:退款成功 5:已改期) -->
        <!-- 		AND oi.order_status != 5 -->
        <!-- 		AND oi.order_status != 4 -->
        <!-- 		AND oi.order_status != 1 -->
        AND oi.order_status = 0
    </select>

    <!-- 查询活动 -->
    <select id="selectSpecialActivityPage" resultType="com.infox.tourism.entity.vo.activity.Activity">
        select
        base.*
        from
        <include refid="base_activity"/>
        join activity_covered_city b on base.activity_id = b.activity_id
        <!-- a_status -1审核不通过 0未提交 1 审核中 2 审核通过 3 已发布 4 取消 -->
        WHERE base.a_status = 3
        and base.activity_type in (1,2,3)
        <!-- 活动状态，1已报满  2已成行  3报名中   4已截止  5  即将成行 6 已下架 -->
        and base.activity_status != 4
        and base.activity_status != 6
        and base.activity_status != 7
        and base.is_delete != 0
        <if test="locationId != null and locationId !=''">and b.sb_location_id = #{locationId}</if>
        order by base.shelf_time desc,base.outset_time desc
    </select>

    <!-- update: 2019-01-21 -->
    <!-- 首页搜索接口 -->
    <select id="queryActivityByName" resultType="com.infox.tourism.entity.vo.activity.ActivityBase">
        select x.* from (
        SELECT
        a.activity_id,
        a.activity_name,
        a.activity_status,
        a.type_dic_id as activity_type,
        a.cover_id,
        a.url,
        a.sorting,
        a.display_url,
        a.outset_time,
        a.create_time,
        a.line_id,
        ld.duration_time
        FROM
        activity_info a
        left join activity_leader_relation b on a.activity_id=b.activity_id
        join leader_info c on b.leader_id=c.leader_id
        join line line on line.line_id=a.line_id
        join line_duration ld on ld.line_duration_id=line.line_duration_id
        where
        <!-- 活动状态，1已报满  2已成行  3报名中   4已截止  5  即将成行 6 已下架 -->
        a.a_status=3
        AND a.company_id=#{companyId}
        and a.activity_status != 4
        and a.activity_status != 6
        and a.activity_status != 7
        and a.is_delete != 0
        <if test="locationId != null and locationId != '' ">
            <!--         		and acc.sb_location_id=#{locationId} -->
            and a.sb_location_id=#{locationId}
        </if>
        <if test="name != null and name != '' ">
            and (
            a.activity_name like concat('%',#{name},'%') or
            c.nick_name like concat('%',#{name},'%') or
            line.line_name like concat('%',#{name},'%')
            )
        </if>
        order by a.outset_time asc,a.create_time desc
        ) x
        group by x.activity_name
        order by x.sorting ASC, x.outset_time ASC, x.activity_name ASC
    </select>

    <!-- update: 2019-01-21 -->
    <!-- 首页活动列表分类查询 -->
    <select id="queryActivityListByType" resultType="com.infox.tourism.entity.vo.activity.ActivityBase">
        select x.* from (
        SELECT
	        a.activity_id,
	        a.activity_name,
	        a.activity_status,
	        a.type_dic_id as activity_type,
	        a.cover_id,
	        a.url,
	        a.sorting,
	        a.display_url,
	        a.outset_time,
	        a.create_time,
	        a.company_id,
	        a.destination,
	        a.line_id,
	        c.line_name,
	        c.top_comment,
	        c.been_people_num,
	        a.adult_price as price,
	        ld.duration_time
        FROM
        activity_info a
        join activity_covered_city b on a.activity_id = b.activity_id
        join line c on a.line_id=c.line_id
        join line_duration ld on ld.line_duration_id=c.line_duration_id
        inner join duration_scope e on e.duration_scope_id=ld.duration_scope_id
        join activity_theme_relation d on a.activity_id=d.activity_id
        where
        <!-- 活动状态，活动状态，1已报满  2已成行  3报名中   4已截止  5  即将成行 6 已下架 7未成行(已取消) -->
        a.a_status=3
        <!-- 				and a.outset_time &gt;= now() -->
        and a.activity_status != 4
        and a.activity_status != 6
        and a.activity_status != 7
        and a.is_delete != 0
        <if test="params.locationId != null and params.locationId != '' ">
            and b.sb_location_id=#{params.locationId}
        </if>
        <if test="params.type == 'nextWeek' ">
            and YEARWEEK(date_format(a.outset_time,'%Y-%m-%d'),1) - 1 = YEARWEEK(now(),1)
        </if>
        <if test="params.type == 'nextNextWeek' ">
            and YEARWEEK(date_format(a.outset_time,'%Y-%m-%d'),1) - 2 = YEARWEEK(now(),1)
        </if>
        <if test="params.type == 'weekEnd' ">
            and YEARWEEK(date_format(a.outset_time,'%Y-%m-%d'),1) = YEARWEEK(now(),1)
        </if>
        <if test="params.type == 'reducedPrice' ">
            and a.type_dic_id != 0
        </if>
        <if test="params.lineThemeId != null and params.lineThemeId != ''  ">
            and d.line_theme_id in
			<foreach collection="params.lineThemeIds" item="id" open="(" close=")" separator=",">
                #{id}
            </foreach>
        </if>
        <if test="params.lineTypeId != null and params.lineTypeId != ''  ">
            and c.line_type_id in
            <foreach collection="params.lineTypeIds" item="id" open="(" close=")" separator=",">
                #{id}
            </foreach>
        </if>
        <if test="params.lineLevelId != null and params.lineLevelId != ''  ">
            and c.line_level_id in
             <foreach collection="params.lineLevelIds" item="id" open="(" close=")" separator=",">
                #{id}
            </foreach>
        </if>
        <if test="params.durationScopeId != null and params.durationScopeId != '' ">
        	AND e.duration_scope_id = #{params.durationScopeId}
        </if>
        <if test="params.destinationId != null and params.destinationId != ''  ">
            and c.destination_id in
            <foreach collection="params.destinationIds" item="id" open="(" close=")" separator=",">
                #{id}
            </foreach>
        </if>
        order by a.outset_time asc,a.create_time desc
        ) x
        group by x.activity_name
        order by x.sorting ASC, x.duration_time ASC, x.activity_name ASC
    </select>

    <select id="queryActivityByLineId" resultType="com.infox.tourism.entity.vo.activity.ActivityOutset">
        SELECT
        a.activity_id,
        a.outset_time,
        a.return_time,
        a.a_label AS activity_label,
        a.activity_status,
        a.most_people_sum,
        a.people_sum,
        ld.duration_time
        FROM
        activity_info a
        join line l on a.line_id=l.line_id
        join line_duration ld on ld.line_duration_id=l.line_duration_id
        WHERE
        <!-- 活动状态，1已报满  2已成行  3报名中   4已截止  5  即将成行 6 已下架 -->
        a.a_status=3
        AND a.company_id = #{companyId}
        <!--   			and a.outset_time &gt;= now() -->
        and a.activity_status != 4
        and a.activity_status != 6
        and a.activity_status != 7
        and a.is_delete != 0
        and a.line_id=#{lineId}
        order by a.outset_time asc,a.create_time desc
    </select>

    <!-- 使用ID查询活动 -->
    <select id="getActivityByActivityId" resultType="com.infox.tourism.entity.ActivityInfoEntity">
  		select 
	  		activity_id, id, cover_id, evaluation_id, insurances_id, line_id, destination,
	  		url,display_url,company_id, end_join_time,
		    type_dic_id, activity_name, most_people_sum, false_member_num, a_status, a_enable, 
		    is_delete, qr_code, adult_price, child_price, a_offer, vip_price, activity_status, 
		    meeting_place, a_employ, composite_score, payment_money, payment_number, evaluation_status, 
		    form_people, outset_time, return_time, people_sum, earn_point, available_maximum_amount, 
		    shelf_time, departure_time, shelves_time, a_label, by_safe, rebate, sb_location_id, 
		    product_id, by_product, create_by, create_time, update_by, update_time, warm_prompt,qr_code
	    from activity_info
	    where activity_id=#{activityId}
  	</select>


    <!-- update: 2019-01-23 -->
    <!-- 根据活动时长查询，查 = < >的数据 -->
    <select id="queryActivityListByDurationEqAndGtAndLt" resultType="com.infox.tourism.entity.vo.activity.ActivityBase">
        select x.* from (
        SELECT
        a.activity_id,
        a.activity_name,
        a.activity_status,
        a.type_dic_id as activity_type,
        a.cover_id,
        a.url,
        a.display_url,
        a.outset_time,
        a.create_time,
        a.sorting,
        a.company_id,
        a.line_id,
        c.line_name,
        c.price_adult as price,
        d.duration_time
        FROM
        activity_info a
        inner join activity_covered_city b on a.activity_id = b.activity_id
        inner join line c on a.line_id=c.line_id
        inner join line_duration d on c.line_duration_id=d.line_duration_id
        where
        <!-- 活动状态，1已报满  2已成行  3报名中   4已截止  5  即将成行 6 已下架 -->
        a.a_status=3
        <!-- 				and a.outset_time &gt;= now() -->
        and a.activity_status != 4
        and a.activity_status != 6
        and a.activity_status != 7
        and a.is_delete != 0
        <if test="params.locationId != null and params.locationId != '' ">
            and b.sb_location_id=#{params.locationId}
        </if>
        <!-- 等于 -->
        <if test="params.type == '1'.toString()  ">
            and c.line_duration_id in
            <foreach collection="params.lineDurationIds" item="id" open="(" close=")" separator=",">
                #{id}
            </foreach>
        </if>
        <!-- 大于 -->
        <if test="params.type == '2'.toString()  ">
            and d.duration_time &gt;= #{params.days}
        </if>
        <!-- 小于 -->
        <if test="params.type == '3'.toString()  ">
            and d.duration_time &lt;= #{params.days}
        </if>
        <if test="params.type == '4'.toString()  ">
            and d.duration_time = #{params.days}
        </if>
        order by a.outset_time asc,a.create_time desc
        ) x
        group by x.activity_name
        order by x.sorting ASC,x.outset_time ASC, x.activity_name ASC
    </select>

    <select id="getActivityBaseByActivityId" resultType="com.infox.tourism.entity.vo.activity.ActivityBase">
		select 
			a.line_id, 
			a.activity_id, 
			a.activity_name, 
			a.activity_status, 
			a.company_id,
			a.outset_time
		from activity_info a
		WHERE 
			a.activity_id=#{activityId}
	</select>


    <!-- 根据活动主题查询 -->
    <!-- update: 2019-01-21 -->
    <select id="queryActivityListByThemeId" resultType="com.infox.tourism.entity.vo.activity.ActivityBase">
        select x.* from (
        SELECT
        DISTINCT
        a.activity_id,
        a.activity_name,
        a.activity_status,
        a.type_dic_id as activity_type,
        a.cover_id,
        a.url,
        a.sorting,
        a.display_url,
        a.outset_time,
        a.create_time,
        a.company_id,
        a.line_id,
        c.line_name,
        c.price_adult as price,
        ld.duration_time
        FROM
        activity_info a
        inner join activity_covered_city b on a.activity_id = b.activity_id
        inner join line c on a.line_id=c.line_id
        inner join activity_theme_relation d on a.activity_id=d.activity_id
        inner join line_duration ld on c.line_duration_id=ld.line_duration_id
        where
        <!-- 活动状态，1已报满  2已成行  3报名中   4已截止  5  即将成行 6 已下架 -->
        a.a_status=3
        <!-- 				and a.outset_time &gt;= now() -->
        and a.activity_status != 4
        and a.activity_status != 6
        and a.activity_status != 7
        and a.is_delete != 0
        <if test="params.locationId != null and params.locationId != '' ">
            and b.sb_location_id=#{params.locationId}
        </if>
        <if test="params.lineThemeId != null and params.lineThemeId != ''  ">
            and d.line_theme_id = #{params.lineThemeId}
        </if>
        <if test="params.lineTypeId != null and params.lineTypeId != ''  ">
            and c.line_type_id = #{params.lineTypeId}
        </if>
        order by a.outset_time asc,a.create_time desc
        ) x
        group by x.activity_name
        order by x.sorting ASC, x.outset_time ASC, x.activity_name ASC
    </select>

    <select id="queryPeopleNum" resultType="int">
        SELECT
        count(1)
        FROM
        pedestrian_info a
        join order_info oi on a.order_id=oi.order_id
        WHERE
        a.is_delete != 0
        <!-- 		AND oi.o_type=1 -->
        AND a.activity_id = #{activityId}
        <!-- 1:正常,2:已改期,3:已退款,4:申请退款 -->
        <!-- 		AND a.pedestrian_status != 2 -->
        <!-- 		AND a.pedestrian_status != 3 -->
        AND a.pedestrian_status = 1

        <!-- 支付状态[0，未付款, 1，已付款  -1,退款] -->
        AND oi.pay_status != -1
        AND oi.pay_status != 0
        AND oi.is_delete!=0

        <!-- (0:新订单  1:取消订单 2:退款申请 3:退款失败 4:退款成功 5:已改期) -->
        <!-- 		AND oi.order_status != 5 -->
        <!-- 		AND oi.order_status != 4 -->
        <!-- 		AND oi.order_status != 1 -->
        AND oi.order_status = 0
        <!-- 		<choose>   -->
        <!--             <when test="isTotal == 1 ">   -->
        <!--                 查询所有 -->
        <!--             </when >   -->
        <!--             <otherwise>   -->
        <!--             	1:正常,2:已改期,3:已退款,4:申请退款 -->
        <!-- 				AND a.pedestrian_status != 2 -->
        <!-- 				AND a.pedestrian_status != 3 -->

        <!-- 				支付状态[0，未付款, 1，已付款  -1,退款] -->
        <!-- 				AND oi.pay_status != -1 -->
        <!-- 				AND oi.is_delete!=0 -->

        <!-- 				(0:新订单  1:取消订单 2:退款申请 3:退款失败 4:退款成功 5:已改期) -->
        <!-- 				AND oi.order_status != 5 -->
        <!-- 				AND oi.order_status != 4 -->
        <!-- 				AND oi.order_status != 1 -->
        <!--             </otherwise>   -->
        <!--         </choose>   -->
    </select>

    <select id="queryByDestination" resultType="string">
        SELECT di.d_province FROM activity_info ai
        JOIN line le ON ai.line_id = le.line_id
        JOIN destination_info di ON le.destination_id = di.destination_id
        WHERE ai.activity_id = #{activityId} limit 1
    </select>

    <select id="queryLeaderCount" resultType="int">
		select count(1) from activity_leader_relation where activity_id=#{activityId}
	</select>

    <select id="queryAllActivityId" resultType="string">
		select activity_id from activity_info
	</select>

    <select id="getRecentlyActivityId" resultType="java.lang.String">
		SELECT
			a.activity_id
		FROM
			activity_info a
		WHERE
			a.a_status = 3
		AND a.line_id = #{lineId}
		AND a.company_id = #{companyId}
		AND a.activity_status != 4
		AND a.activity_status != 6
		AND a.activity_status != 7
		AND a.is_delete != 0
		ORDER BY
			a.outset_time ASC
		limit 1
	</select>

    <select id="querySecondKillActivity" resultType="com.infox.tourism.entity.v2.activityInfo.SecondKillActivity">
        SELECT
        c.seckill_price,
        b.start_time,
        b.end_time,
        a.activity_name,
        a.display_url,
        a.cover_id,
        a.url,
        a.outset_time,
        a.activity_id,
        a.subtitle,
        a.line_id
        FROM
        activity_info a
        JOIN spike_activity_rule b ON a.activity_id = b.activity_id
        JOIN activity_rules c ON a.activity_id = c.activity_id
        WHERE
        a.type_dic_id = 1
        <!-- 		AND b.start_time &lt;= now() -->
        AND b.end_time &gt;= now()
        AND (
        a.activity_status = 1
        OR a.activity_status = 2
        OR a.activity_status = 3
        OR a.activity_status = 5
        )
        ORDER BY
        b.start_time ASC
    </select>
    <select id="queryExpiredActivityByActivityId" resultType="com.infox.tourism.entity.vo.activity.ActivityOutset">
		SELECT
		a.activity_id,
		a.outset_time,
		a.return_time,
		a.a_label AS activity_label,
		a.activity_status,
		a.most_people_sum,
		a.people_sum,
		ld.duration_time
		FROM
		activity_info a
		join line l on a.line_id=l.line_id
		join line_duration ld on ld.line_duration_id=l.line_duration_id
		WHERE
		a.activity_id = #{activityId}
	</select>

    <select id="queryPreferentialActivities" resultType="com.infox.tourism.entity.vo.activity.ActivityBase">
        select x.* from (
        SELECT
        a.activity_id,
        a.activity_name,
        a.activity_status,
        a.type_dic_id as activity_type,
        a.cover_id,
        a.url,
        a.sorting,
        a.display_url,
        a.outset_time,
        a.create_time,
        a.line_id,
        ld.duration_time
        FROM
        activity_info a
        left join activity_leader_relation b on a.activity_id=b.activity_id
        join leader_info c on b.leader_id=c.leader_id
        join line line on line.line_id=a.line_id
        join line_duration ld on ld.line_duration_id=line.line_duration_id
        where
        <!-- 活动状态，1已报满  2已成行  3报名中   4已截止  5  即将成行 6 已下架 -->
        a.a_status = 3
        AND a.company_id=#{companyId}
        and a.activity_status != 4
        and a.activity_status != 6
        and a.activity_status != 7
        and a.is_delete != 0
        <!-- type_dic_id 活动类型 0:普通活动,1:秒杀活动,2:拼单活动,3:砍价活动 -->
        and (a.type_dic_id = 1 or a.type_dic_id = 2 or a.type_dic_id = 3)
        order by a.outset_time asc, a.create_time desc
        ) x
        group by x.activity_name
        order by x.sorting ASC, x.outset_time ASC, x.activity_name ASC
    </select>
    
    <!-- 查询活动主题 -->
    <select id="queryActivityThemeByActivityId" resultType="com.infox.tourism.entity.vo.activity.ActivityThemeVO">
    	SELECT DISTINCT
			b.theme_name
		FROM
			activity_theme_relation a
		JOIN line_theme b ON a.line_theme_id = b.line_theme_id
		WHERE
			a.activity_id = #{activityId}
		ORDER BY b.lt_sorting ASC
    </select>
    
    <update id="updateFalseMemberNum">
    	update activity_info 
    	set 
    		false_member_num=#{num}
    	WHERE activity_id = #{activityId}
    </update>
</mapper>