<?xml version="1.0" encoding="UTF-8"?>
<!DOCTYPE mapper PUBLIC "-//mybatis.org//DTD Mapper 3.0//EN" "http://mybatis.org/dtd/mybatis-3-mapper.dtd">

<mapper namespace="com.infox.tourism.dao.activity.ViewRecordMapper">

	<sql id="base_sql" >
		view_record_id, activity_id, line_id, user_id, view_time, view_type
	</sql>

 	<select id="find" resultType="com.infox.tourism.entity.v2.activityInfo.ViewRecord">
 		select 
 		<include refid="base_sql"></include>
 		from view_record
 	</select>
 	
 	<!-- 查询线路访问次数 -->
 	<select id="queryCountByLineId" resultType="int">
 		select count(1) from view_record
 		where line_id = #{lineId}
 	</select>
 	
</mapper>