<?xml version="1.0" encoding="UTF-8"?>
<!DOCTYPE mapper PUBLIC "-//mybatis.org//DTD Mapper 3.0//EN" "http://mybatis.org/dtd/mybatis-3-mapper.dtd">

<mapper namespace="com.infox.tourism.dao.ActivityBargainRecordDao">

	<!-- 可根据自己的需求，是否要使用 -->
    <resultMap type="com.infox.tourism.entity.ActivityBargainRecordEntity" id="activityBargainRecordMap">
        <result property="id" column="id"/>
        <result property="bargainId" column="bargain_id"/>
        <result property="activityRulesId" column="activity_rules_id"/>
        <result property="activityId" column="activity_id"/>
        <result property="activityPeople" column="activity_people"/>
        <result property="afterPrice" column="after_price"/>
        <result property="craterBy" column="crater_by"/>
        <result property="createTime" column="create_time"/>
        <result property="updateBy" column="update_by"/>
        <result property="updateTime" column="update_time"/>
    </resultMap>

    <!-- 查询分页 -->
    <select id="queryPage" resultType="com.infox.tourism.entity.ActivityBargainRecordEntity">
        SELECT * FROM activity_bargain_record
    </select>
	
	<!-- 获取用户当前活动已砍掉的价格 -->
	<select id="getActivityTotalBargainPrice" resultType="java.math.BigDecimal">
		SELECT SUM(a.bargain_price) 
		FROM activity_bargain_record a WHERE a.group_id=#{groupId} AND a.activity_id=#{activityId}
	</select>
	
	<!-- 查询用户当前活动帮砍价格的用户列表 -->
	<select id="findActivityBargainUserList" resultType="com.infox.tourism.entity.vo.bargain.ActivityBargainRecordVo">
		SELECT a.*, b.nick_name as assistor_user_nick_name, b.head_img as assistor_user_head_img
		FROM activity_bargain_record a 
		inner join user_info b on a.assistor_user_id=b.user_id
		WHERE a.group_id=#{groupId} AND a.activity_id=#{activityId} and a.is_initiator!=1
	</select>
	
	<!-- 查询帮砍价用户数量(不包含砍价发起人的数据) -->
	<select id="getActivityBargainUserCount" resultType="int">
		SELECT count(1)
		FROM activity_bargain_record a 
		WHERE a.group_id=#{groupId} AND a.activity_id=#{activityId} and a.is_initiator!=1
	</select>
	
	<!-- 查询当前用户帮砍价信息 -->
	<select id="findCurrentUserAndActivityBargainPrice" resultType="com.infox.tourism.entity.ActivityBargainRecordEntity">
		SELECT a.*
		FROM activity_bargain_record a WHERE a.group_id=#{groupId} AND a.activity_id=#{activityId} and assistor_user_id=#{assistorUserId}
	</select>
	
	<!-- 查询当前用户针对当前活动发起的砍价信息, 发起人=1, 已结束 = 0 -->
	<select id="getCurrentUserBargainInfo" resultType="com.infox.tourism.entity.ActivityBargainRecordEntity">
		SELECT a.*
		FROM activity_bargain_record a WHERE a.user_id=#{userId} and a.activity_id=#{activityId} and a.is_initiator=1 and a.is_end != 1
	</select>
	
	<!-- 查询用户针对当前活动发起的砍价信息 -->
	<select id="getBargainInfoByGroupId" resultType="com.infox.tourism.entity.ActivityBargainRecordEntity">
		SELECT 
			a.*
		FROM 
			activity_bargain_record a 
		WHERE a.group_id=#{groupId} 
			and a.activity_id=#{activityId} 
			and a.is_initiator=1 
<!-- 			and a.is_end != 1 -->
	</select>
	
	<update id="updateByBargainId" parameterType="com.infox.tourism.entity.ActivityBargainRecordEntity">
    	update activity_bargain_record
	    <set>
	      <if test="activityRulesId != null">
	        activity_rules_id = #{activityRulesId},
	      </if>
	      <if test="activityId != null">
	        activity_id = #{activityId},
	      </if>
	      <if test="activityPeople != null">
	        activity_people = #{activityPeople},
	      </if>
	      <if test="afterPrice != null">
	        after_price = #{afterPrice},
	      </if>
	      <if test="craterBy != null">
	        crater_by = #{craterBy},
	      </if>
	      <if test="updateBy != null">
	        update_by = #{updateBy},
	      </if>
	      <if test="updateTime != null">
	        update_time = #{updateTime},
	      </if>
	      <if test="userId != null">
	        user_id = #{userId},
	      </if>
	      <if test="bargainPrice != null">
	        bargain_price = #{bargainPrice},
	      </if>
	      <if test="assistorUserId != null">
	        assistor_user_id = #{assistorUserId},
	      </if>
	      <if test="groupId != null">
	        group_id = #{groupId},
	      </if>
	      <if test="isInitiator != null">
	        is_initiator = #{isInitiator},
	      </if>
	      <if test="isEnd != null">
	        is_end = #{isEnd}
	      </if>
	    </set>
	    where bargain_id = #{bargainId}
  	</update>
  	
  	<!-- 查询分享列表 -->
  	<select id="selectShareList" resultType="com.infox.tourism.entity.vo.share.ToShareVO">
  		SELECT
			a.bargain_id,
			a.group_id,
			a.user_id,
			b.activity_name,
			b.activity_id,
			b.outset_time,
			b.meeting_place,
			b.cover_id,
			b.adult_price as amount,
			b.activity_status,
			(UNIX_TIMESTAMP(DATE_ADD(a.create_time,INTERVAL c.bargaining_time MINUTE)) - UNIX_TIMESTAMP(now())) as remain_time
		FROM
			activity_bargain_record a
			join activity_info b on a.activity_id=b.activity_id
			join activity_rules c on a.activity_id=c.activity_id
		WHERE
			a.user_id = #{userId}
		AND	a.is_initiator = 1
		AND a.is_end != 1
		AND (UNIX_TIMESTAMP(DATE_ADD(a.create_time,INTERVAL c.bargaining_time MINUTE)) - UNIX_TIMESTAMP(now())) > 0
  		ORDER BY a.create_time desc
  	</select>

</mapper>