<?xml version="1.0" encoding="UTF-8"?>
<!DOCTYPE mapper PUBLIC "-//mybatis.org//DTD Mapper 3.0//EN" "http://mybatis.org/dtd/mybatis-3-mapper.dtd">

<mapper namespace="com.infox.tourism.dao.ActivityDao">

    <!--首页主题-->
    <resultMap id="themeWeChatVo" type="com.infox.tourism.entity.vo.lineVO.ThemeIndexVO">
        <result property="themeId"  column="line_theme_id"/>
        <result property="themeName"  column="line_theme_name"/>
        <result property="themeDescription"  column="line_theme_description"/>
        <result property="themeIcon"  column="line_theme_icon"/>
        <collection property="activityList" javaType="ArrayList" ofType="com.infox.tourism.entity.vo.baseVo.ActivityBaseVO">
            <result property="activityId"  column="activity_id"/>
            <result property="lineId"  column="line_id"/>
            <result property="activityName"  column="activity_name"/>
            <result property="activityType"  column="activity_type"/>
            <result property="activityTypeName"  column="activity_type_name"/>
            <result property="adultPrice"  column="adult_price"/>
            <result property="childPrice"  column="child_price"/>
            <result property="vipPrice"  column="vip_price"/>
            <result property="coverImg"  column="cover_img"/>
            <result property="activityStatus"  column="activity_status"/>
            <result property="outsetTime"  column="outset_time"/>
            <result property="shelfTime"  column="shelf_time"/>
            <result property="shelvesTime"  column="shelves_time"/>

        </collection>
    </resultMap>

    <!--首页标签-->
    <resultMap id="labelWeChatVo" type="com.infox.tourism.entity.vo.indexVO.LabelIndexVO">
        <result property="labelId"  column="label_id"/>
        <result property="labelName"  column="label_name"/>
        <result property="labelIcon"  column="label_icon"/>
        <collection property="activityList" javaType="ArrayList" ofType="com.infox.tourism.entity.vo.baseVo.ActivityBaseVO">
            <result property="activityId"  column="activity_id"/>
            <result property="activityName"  column="activity_name"/>
            <result property="activityType"  column="activity_type"/>
            <result property="activityTypeName"  column="activity_type_name"/>
            <result property="adultPrice"  column="adult_price"/>
            <result property="childPrice"  column="child_price"/>
            <result property="vipPrice"  column="vip_price"/>
            <result property="coverImg"  column="cover_img"/>
            <result property="activityStatus"  column="activity_status"/>
            <result property="outsetTime"  column="outset_time"/>
            <result property="shelfTime"  column="shelf_time"/>
        </collection>
    </resultMap>

    <!--Activity详情-->
    <resultMap id="activityDetail" type="com.infox.tourism.entity.vo.activityDetailVO.ActivityDetailVO">
    </resultMap>
    <!--拼单列表-->
    <resultMap id="shareList" type="com.infox.tourism.entity.vo.activityDetailVO.ShareActivityVO">
    </resultMap>
    <!--拼单列表-->
    <resultMap id="tripPeopleVO" type="com.infox.tourism.entity.vo.activityDetailVO.TripPeopleVO">
    </resultMap>
	<!-- 可根据自己的需求，是否要使用 -->
    <resultMap type="com.infox.tourism.entity.ActivityInfoEntity" id="activityInfoMap">
        <result property="id" column="id"/>
        <result property="activityId" column="activity_id"/>
        <result property="leaderId" column="leader_id"/>
        <result property="orderId" column="order_id"/>
        <result property="coverId" column="cover_id"/>
        <result property="evaluationId" column="evaluation_id"/>
        <result property="safeId" column="safe_id"/>
        <result property="lineId" column="line_id"/>
        <result property="typeDicId" column="type_dic_id"/>
        <result property="activityName" column="activity_name"/>
        <result property="compositeScore" column="composite_score"/>
        <result property="paymentMoney" column="payment_money"/>
        <result property="paymentNumber" column="payment_number"/>
        <result property="peopleSum" column="people_sum"/>
        <result property="aStatus" column="a_status"/>
        <result property="aEnable" column="a_enable"/>
        <result property="isDelete" column="is_delete"/>
        <result property="qrCode" column="qr_code"/>
        <result property="adultPrice" column="adult_price"/>
        <result property="childPrice" column="child_price"/>
        <result property="aOffer" column="a_offer"/>
        <result property="vipPrice" column="vip_price"/>
        <result property="activityStatus" column="activity_status"/>
        <result property="meetingPlace" column="meeting_place"/>
        <result property="aEmploy" column="a_employ"/>
        <result property="evaluationStatus" column="evaluation_status"/>
        <result property="formPeople" column="form_people"/>
        <result property="outsetTime" column="outset_time"/>
        <result property="earnPoint" column="earn_point"/>
        <result property="availableMaximumAmount" column="available_maximum_amount"/>
        <result property="shelfTime" column="shelf_time"/>
        <result property="shelvesTime" column="shelves_time"/>
        <result property="aLabel" column="a_label"/>
        <result property="createBy" column="create_by"/>
        <result property="createTime" column="create_time"/>
        <result property="updateBy" column="update_by"/>
        <result property="updateTime" column="update_time"/>
    </resultMap>


    <select id="selectActivityGroupByThemeByDestinationId" resultType="com.infox.tourism.entity.vo.lineVO.ThemeIndexVO" resultMap="themeWeChatVo">
        select  * from vi_activity_base a
        where 1=1
        <if test="destinationId != null and destinationId != ''">
           and destination_id = #{destinationId}
        </if>
        <if test="themeId != null and themeId != ''">
           and line_theme_id = #{themeId}
        </if>
        and a.shelves_time&gt;curdate();

    </select>

    <select id="selectActivityForWeChat" resultType="com.infox.tourism.entity.vo.baseVo.ActivityBaseVO" parameterType="string">
        select a.*,e.leader_id,
        e.nick_name as leader_name
        from vi_activity_base a
        left join leader_info e on a.leader_id = e.leader_id
        where 1=1
        <if test="name != null and name != ''">
            and ( a.activity_name like concat('%',#{name},'%') or e.nick_name like concat('%',#{name},'%')    )
        </if>
		<!--         	还没下架 -->
		and a.shelves_time &gt;curdate()
    </select>

    <select id="selectActivityGroupByLabelByDestinationId" resultMap="labelWeChatVo">
        select  * from vi_activity_base a
        where 1=1
        <if test="destinationId != null and destinationId != ''">
            and destination_id = #{destinationId}
        </if>
         and a.shelves_time&gt;curdate() and a.label_id is not null;
    </select>


    <select id="selectActivityBriefByLineId" resultType="com.infox.tourism.entity.vo.activityDetailVO.ActivityBriefVO">
        select a.activity_id,a.activity_label,a.activity_status,a.outset_time,a.return_time,ifnull(c.is_enable,0) as is_collect,
        if(activity_id=#{activityId},1,0) as is_select
        from vi_activity_base a
        left join collect c on a.activity_id = c.travels_activity_id and c.collect_type = 1 and c.user_id=#{userId}
        where line_id=#{lineId}
        order by a.outset_time asc
    </select>

	<!--    {call sp_select_activity_detail(#{activityId,mode=IN,jdbcType=VARCHAR})} -->
	<!-- 	statementType="CALLABLE" parameterType="String" resultMap="activityDetail,shareList,tripPeopleVO" -->
    <select id="selectActivityDetailById" resultType="com.infox.tourism.entity.vo.activityDetailVO.ActivityDetailVO">
		select a.*,
			(select count(1) from pedestrian_info pi where pi.activity_id = #{activityId} group by pi.activity_id) as trip_sum
		from vi_activity_base a
    	where a.activity_id = #{activityId};
    </select>

    <select id="selectPayActivityById" parameterType="String" resultType="com.infox.tourism.entity.vo.activityDetailVO.PayActivityVO">
      select * from vi_activity_base where activity_id = #{activityId}
    </select>
    <select id="selectActivityPage" parameterType="com.infox.tourism.entity.vo.activityDetailVO.ActivityQuery" resultType="com.infox.tourism.entity.vo.baseVo.ActivityBaseVO">
        select a.* from vi_activity_base a
        inner join activity_covered_city b on a.activity_id = b.activity_id
        <!-- 只查询已发布的活动 -->
        and a.a_status=3
		and a.activity_status!=4 
		and a.activity_status!=6
		and a.activity_status!=7
        <where>
            <if test="activityQuery.locationId != null and activityQuery.locationId !=''">and b.sb_location_id = #{activityQuery.locationId}</if>
            <if test="activityQuery.activityId != null and activityQuery.activityId !=''">and a.activity_id = #{activityQuery.activityId}</if>
            <if test="activityQuery.activityName != null and activityQuery.activityName !=''">and a.activity_name like concat('%',#{activityQuery.activityName},'%')</if>
            <if test="activityQuery.activityType != null and activityQuery.activityType !=''">and a.activity_type = #{activityQuery.activityType}</if>
            <if test="activityQuery.leaderId != null and activityQuery.leaderId !=''">and a.leader_id = #{activityQuery.leaderId}</if>
            <if test="activityQuery.leaderName != null and activityQuery.leaderName !=''">and a.leader_name like concat('%',#{activityQuery.leaderName},'%')</if>
            <if test="activityQuery.lineId != null and activityQuery.lineId !=''">and a.line_id = #{activityQuery.lineId}</if>
            <if test="activityQuery.lineLevelId != null and activityQuery.lineLevelId !=''">and a.line_level_id = #{activityQuery.lineLevelId}</if>
            <if test="activityQuery.lineDurationId != null and activityQuery.lineDurationId !=''">and a.line_duration_id = #{activityQuery.lineDurationId}</if>
            <if test="activityQuery.lineThemeId != null and activityQuery.lineThemeId !=''">and a.line_theme_id = #{activityQuery.lineThemeId}</if>
            <if test="activityQuery.lineTypeId != null and activityQuery.lineTypeId !=''">and a.line_type_id = #{activityQuery.lineTypeId}</if>
            <if test="activityQuery.destinationId != null and activityQuery.destinationId !=''">and a.destination_id = #{activityQuery.destinationId}</if>
        </where>
        order by shelf_time desc ,outset_time desc
    </select>

    <select id="selectSpecialActivityPage" resultType="com.infox.tourism.entity.vo.baseVo.ActivityBaseVO">
        select a.* from vi_activity_base a
        inner join activity_covered_city b on a.activity_id = b.activity_id
        <where>
        a.activity_type in (1,2,3)
        <if test="locationId != null and locationId !=''">and b.sb_location_id = #{locationId}</if>
        </where>
        order by a.shelf_time desc,a.outset_time desc
    </select>
    <select id="selectWeekEndActivityPage" resultType="com.infox.tourism.entity.vo.baseVo.ActivityBaseVO">
        select a.* from vi_activity_base a
        inner join activity_covered_city b on a.activity_id = b.activity_id
        <where>
            date_format(outset_time,'%w') in(6,0)
            and a.a_status=3
			and a.activity_status!=4 
			and a.activity_status!=6
			and a.activity_status!=7
            <if test="activityQuery.locationId != null and activityQuery.locationId !=''">and b.sb_location_id = #{activityQuery.locationId}</if>
            <if test="activityQuery.activityId != null and activityQuery.activityId !=''">and a.activity_id = #{activityQuery.activityId}</if>
            <if test="activityQuery.activityName != null and activityQuery.activityName !=''">and a.activity_name like concat('%',#{activityQuery.activityName},'%')</if>
            <if test="activityQuery.activityType != null and activityQuery.activityType !=''">and a.activity_type = #{activityQuery.activityType}</if>
            <if test="activityQuery.leaderId != null and activityQuery.leaderId !=''">and a.leader_id = #{activityQuery.leaderId}</if>
            <if test="activityQuery.leaderName != null and activityQuery.leaderName !=''">and a.leader_name like concat('%',#{activityQuery.leaderName},'%')</if>
            <if test="activityQuery.lineId != null and activityQuery.lineId !=''">and a.line_id = #{activityQuery.lineId}</if>
            <if test="activityQuery.lineLevelId != null and activityQuery.lineLevelId !=''">and a.line_level_id = #{activityQuery.lineLevelId}</if>
            <if test="activityQuery.lineDurationId != null and activityQuery.lineDurationId !=''">and a.line_duration_id = #{activityQuery.lineDurationId}</if>
            <if test="activityQuery.lineTypeId != null and activityQuery.lineTypeId !=''">and a.line_type_id = #{activityQuery.lineTypeId}</if>
        </where>
        order by shelf_time desc ,outset_time desc
    </select>
    <select id="selectNextWeekActivityPage" resultType="com.infox.tourism.entity.vo.baseVo.ActivityBaseVO">
        select a.* from vi_activity_base a
        inner join activity_covered_city b on a.activity_id = b.activity_id
        <where>
            YEARWEEK(outset_time) = YEARWEEK(CURDATE()) + 1
            and a.a_status=3
			and a.activity_status!=4 
			and a.activity_status!=6
			and a.activity_status!=7
            <if test="activityQuery.locationId != null and activityQuery.locationId !=''">and b.sb_location_id = #{activityQuery.locationId}</if>
            <if test="activityQuery.activityId != null and activityQuery.activityId !=''">and a.activity_id = #{activityQuery.activityId}</if>
            <if test="activityQuery.activityName != null and activityQuery.activityName !=''">and a.activity_name like concat('%',#{activityQuery.activityName},'%')</if>
            <if test="activityQuery.activityType != null and activityQuery.activityType !=''">and a.activity_type = #{activityQuery.activityType}</if>
            <if test="activityQuery.leaderId != null and activityQuery.leaderId !=''">and a.leader_id = #{activityQuery.leaderId}</if>
            <if test="activityQuery.leaderName != null and activityQuery.leaderName !=''">and a.leader_name like concat('%',#{activityQuery.leaderName},'%')</if>
            <if test="activityQuery.lineId != null and activityQuery.lineId !=''">and a.line_id = #{activityQuery.lineId}</if>
            <if test="activityQuery.lineLevelId != null and activityQuery.lineLevelId !=''">and a.line_level_id = #{activityQuery.lineLevelId}</if>
            <if test="activityQuery.lineDurationId != null and activityQuery.lineDurationId !=''">and a.line_duration_id = #{activityQuery.lineDurationId}</if>
            <if test="activityQuery.lineTypeId != null and activityQuery.lineTypeId !=''">and a.line_type_id = #{activityQuery.lineTypeId}</if>
            <if test="activityQuery.lineThemeId != null and activityQuery.lineThemeId !=''">and a.line_theme_id = #{activityQuery.lineThemeId}</if>
        </where>
        order by shelf_time desc,outset_time desc

    </select>

</mapper>