<?xml version="1.0" encoding="UTF-8"?>
<!DOCTYPE mapper PUBLIC "-//mybatis.org//DTD Mapper 3.0//EN" "http://mybatis.org/dtd/mybatis-3-mapper.dtd">

<mapper namespace="com.infox.tourism.dao.ActivitySingleRecordDao">

	<!-- 可根据自己的需求，是否要使用 -->
    <resultMap type="com.infox.tourism.entity.ActivitySingleRecordEntity" id="activitySingleRecordMap">
        <result property="id" column="id"/>
        <result property="singleId" column="single_id"/>
        <result property="activityRulesId" column="activity_rules_id"/>
        <result property="activityId" column="activity_id"/>
        <result property="activityPeople" column="activity_people"/>
        <result property="originalPrice" column="original_price"/>
        <result property="singlePrice" column="single_price"/>
        <result property="singleNumber" column="single_number"/>
        <result property="asrStatus" column="asr_status"/>
        <result property="createBy" column="create_by"/>
        <result property="createTime" column="create_time"/>
        <result property="updateBy" column="update_by"/>
        <result property="updateTime" column="update_time"/>
    </resultMap>

    <!-- 查询分页 -->
    <select id="queryPage" resultType="com.infox.tourism.entity.ActivitySingleRecordEntity">
        SELECT * FROM activity_single_record
    </select>
    
    <select id="getByGroupId" resultType="com.infox.tourism.entity.ActivitySingleRecordEntity">
        SELECT * FROM activity_single_record where group_id=#{groupId}
    </select>
    
    <!-- pedestrian_status: 1:正常,2:已改期,3:已退款,4:申请退款,5:退款失败 -->
    <select id="querySingleListByGroupId" resultType="com.infox.tourism.entity.ActivitySingleRecordEntity">
    	SELECT
			a.*
		FROM
			activity_single_record a
		JOIN pedestrian_info b ON a.order_id = b.order_id
		WHERE
			b.pedestrian_status = 1
		AND a.group_id = #{groupId}
    </select>
    
    <update id="updateInitiatorStatus">
    	update activity_single_record set is_initiator=#{isInitiator} where single_id=#{singleId}
    </update>
    
    <select id="getActivityInitiatorByGroupId" resultType="com.infox.tourism.entity.ActivitySingleRecordEntity">
        SELECT * FROM activity_single_record where group_id=#{groupId} and is_initiator=1 limit 1
    </select>
    
    <select id="getSingleCountByGroupId" resultType="int">
<!--         SELECT count(1) FROM activity_single_record where group_id=#{groupId} -->
        SELECT count(1) 
		FROM activity_single_record a
		join order_info b on a.order_id=b.order_id
		join pedestrian_info c on c.order_id=b.order_id
		where a.group_id=#{groupId}
			<!-- order_status: (0:新订单  1:取消订单 2:退款申请 3:退款失败 4:退款成功 5:已改期) -->
			and b.order_status!=1 
			and b.order_status!=4 
			and b.order_status!=5 
			<!-- pay_status: 支付状态[0，未付款, 1，已付款  -1,退款] -->
			and b.pay_status=1
			and c.pedestrian_status=1
    </select>
    
    <select id="findSingleRecordListByActivityId" resultType="com.infox.tourism.entity.vo.activity.ActivitySingleRecordVo">
        SELECT a.*, c.unit_time, c.unit_num, d.nick_name, d.head_img
		FROM activity_single_record a 
		JOIN order_info b ON a.order_id=b.order_id
		JOIN activity_rules c ON c.activity_id=b.activity_id
		JOIN user_info d ON d.user_id=a.user_id
		WHERE a.is_initiator=1 AND a.activity_id=#{activityId} 
		order by a.create_time desc
    </select>
    
    <update id="updateSingleNumber">
    	update activity_single_record set single_number=#{singleNumber} where single_id=#{singleId}
    </update>
    
    <select id="findSingleRecordListMoreByActivityId" resultType="com.infox.tourism.entity.vo.single.ActivitySingleRecordInitiator">
        select a.*, c.nick_name as initiator, c.head_img as initiatorIcon, b.unit_time,
        (b.unit_num - (
        	select count(1) from activity_single_record x 
        	join order_info y on y.order_id=x.order_id
        	join pedestrian_info z on z.order_id=y.order_id
        	where 
        		x.group_id=a.group_id
        		and y.order_status!=1
				and y.order_status!=4
				and y.order_status!=5
				and y.is_delete=1
				and y.pay_status=1
				and z.pedestrian_status=1
        	)
       	) as remain_num,
        
		(UNIX_TIMESTAMP(DATE_ADD(a.create_time,INTERVAL b.unit_time MINUTE)) - UNIX_TIMESTAMP(now())) as remain_time
		from activity_single_record a
		join activity_rules b on b.activity_id=a.activity_id
		join user_info c on c.user_id=a.user_id
		join order_info d on d.order_id=a.order_id
		<!-- 拼单活动出行人和订单一对一 -->
		join pedestrian_info e on d.order_id=e.order_id
		where 
		a.is_initiator=1 
		and a.activity_id=#{activityId}
		<!-- (0:新订单  1:取消订单 2:退款申请 3:退款失败 4:退款成功 5:已改期) -->
		and d.order_status!=1
		and d.order_status!=4
		and d.order_status!=5
		and d.pay_status=1
		and d.is_delete=1
		and e.pedestrian_status=1
		
		order by a.create_time desc
    </select>
    
    <select id="selectByOrderId" resultType="com.infox.tourism.entity.ActivitySingleRecordEntity">
        SELECT single_id,group_id,user_id,order_id,is_initiator FROM activity_single_record where order_id=#{orderId} limit 1
    </select>
    
    <select id="selectShareList" resultType="com.infox.tourism.entity.vo.share.ToShareVO">
  		SELECT
			a.single_id,
			a.group_id,
			a.user_id,
			c.unit_price as amount,
			b.activity_name,
			b.activity_id,
			b.outset_time,
			b.cover_id,
			b.line_id,
			a.order_id,
			b.adult_price,
			b.activity_status,
			b.meeting_place,
			c.unit_num,
			(UNIX_TIMESTAMP(DATE_ADD(a.create_time,INTERVAL c.unit_time MINUTE)) - UNIX_TIMESTAMP(now())) as remain_time
		FROM
			activity_single_record a
			join activity_info b on a.activity_id=b.activity_id
			join activity_rules c on a.activity_id=c.activity_id
			join order_info d on a.order_id=d.order_id
		WHERE
			a.user_id = #{userId}
			<if test="orderId != null and orderId != '' ">
				and a.order_id=#{orderId}
			</if>
			<if test="orderId == null or orderId == '' ">
				and a.is_initiator=1
			</if>
			and d.pay_status=1
			and b.activity_status!=4
			and b.activity_status!=6
			and b.activity_status!=7
			and d.order_status!=1
			and d.order_status!=4
			and d.order_status!=5
			<!-- 下单类型(1:普通活动,1:秒杀活动,2:拼单活动,3:砍价活动) -->
			and d.order_type=2
			
			and (UNIX_TIMESTAMP(DATE_ADD(a.create_time,INTERVAL c.unit_time MINUTE)) - UNIX_TIMESTAMP(now())) > 0
		ORDER BY a.create_time desc
  	</select>
  	
  	
</mapper>