<?xml version="1.0" encoding="UTF-8"?>
<!DOCTYPE mapper PUBLIC "-//mybatis.org//DTD Mapper 3.0//EN" "http://mybatis.org/dtd/mybatis-3-mapper.dtd">

<mapper namespace="com.infox.tourism.dao.ActivityInfoDao">

	<!-- 可根据自己的需求，是否要使用 -->
    <resultMap type="com.infox.tourism.entity.ActivityInfoEntity" id="activityInfoMap">
        <result property="id" column="id"/>
        <result property="activityId" column="activity_id"/>
        <result property="leaderId" column="leader_id"/>
        <result property="orderId" column="order_id"/>
        <result property="coverId" column="cover_id"/>
        <result property="evaluationId" column="evaluation_id"/>
        <result property="safeId" column="safe_id"/>
        <result property="lineId" column="line_id"/>
        <result property="typeDicId" column="type_dic_id"/>
        <result property="activityName" column="activity_name"/>
        <result property="compositeScore" column="composite_score"/>
        <result property="paymentMoney" column="payment_money"/>
        <result property="paymentNumber" column="payment_number"/>
        <result property="peopleSum" column="people_sum"/>
        <result property="aStatus" column="a_status"/>
        <result property="aEnable" column="a_enable"/>
        <result property="isDelete" column="is_delete"/>
        <result property="qrCode" column="qr_code"/>
        <result property="adultPrice" column="adult_price"/>
        <result property="childPrice" column="child_price"/>
        <result property="aOffer" column="a_offer"/>
        <result property="vipPrice" column="vip_price"/>
        <result property="activityStatus" column="activity_status"/>
        <result property="meetingPlace" column="meeting_place"/>
        <result property="aEmploy" column="a_employ"/>
        <result property="evaluationStatus" column="evaluation_status"/>
        <result property="formPeople" column="form_people"/>
        <result property="outsetTime" column="outset_time"/>
        <result property="earnPoint" column="earn_point"/>
        <result property="availableMaximumAmount" column="available_maximum_amount"/>
        <result property="shelfTime" column="shelf_time"/>
        <result property="shelvesTime" column="shelves_time"/>
        <result property="aLabel" column="a_label"/>
        <result property="createBy" column="create_by"/>
        <result property="createTime" column="create_time"/>
        <result property="updateBy" column="update_by"/>
        <result property="updateTime" column="update_time"/>
    </resultMap>

	<select id="getByActivityId" resultType="com.infox.tourism.entity.ActivityInfoEntity">
        SELECT * FROM activity_info where activity_id=#{activityId}
    </select>
    
    <select id="selectImageByLineId" resultType="com.infox.tourism.entity.ActivityInfoEntity">
		<!--     	活动状态，1已报满  2已成行  3报名中   4已截止  5  即将成行 6 已下架 -->
        SELECT a.cover_id 
        FROM activity_info a
        where 
        	a.activity_status != 4
			and activity_status != 7
        	and a.activity_status != 6
        	and a.a_status=3
        	and a.is_delete != 0
        	and a.line_id=#{lineId}
    </select>
    
    <update id="updateByActivityId" parameterType="com.infox.tourism.entity.ActivityInfoEntity">
	    update activity_info
	    <set>
	      <if test="leaderId != null">
	        leader_id = #{leaderId},
	      </if>
	      <if test="orderId != null">
	        order_id = #{orderId},
	      </if>
	      <if test="coverId != null">
	        cover_id = #{coverId},
	      </if>
	      <if test="evaluationId != null">
	        evaluation_id = #{evaluationId},
	      </if>
	      <if test="insurancesId != null">
	        insurances_id = #{insurancesId},
	      </if>
	      <if test="lineId != null">
	        line_id = #{lineId},
	      </if>
	      <if test="typeDicId != null">
	        type_dic_id = #{typeDicId},
	      </if>
	      <if test="activityName != null">
	        activity_name = #{activityName},
	      </if>
	      <if test="mostPeopleSum != null">
	        most_people_sum = #{mostPeopleSum},
	      </if>
	      <if test="aStatus != null">
	        a_status = #{aStatus},
	      </if>
	      <if test="aEnable != null">
	        a_enable = #{aEnable},
	      </if>
	      <if test="isDelete != null">
	        is_delete = #{isDelete},
	      </if>
	      <if test="qrCode != null">
	        qr_code = #{qrCode},
	      </if>
	      <if test="adultPrice != null">
	        adult_price = #{adultPrice},
	      </if>
	      <if test="childPrice != null">
	        child_price = #{childPrice},
	      </if>
	      <if test="aOffer != null">
	        a_offer = #{aOffer},
	      </if>
	      <if test="vipPrice != null">
	        vip_price = #{vipPrice},
	      </if>
	      <if test="activityStatus != null">
	        activity_status = #{activityStatus},
	      </if>
	      <if test="meetingPlace != null">
	        meeting_place = #{meetingPlace},
	      </if>
	      <if test="aEmploy != null">
	        a_employ = #{aEmploy},
	      </if>
	      <if test="compositeScore != null">
	        composite_score = #{compositeScore},
	      </if>
	      <if test="paymentMoney != null">
	        payment_money = #{paymentMoney},
	      </if>
	      <if test="paymentNumber != null">
	        payment_number = #{paymentNumber},
	      </if>
	      <if test="evaluationStatus != null">
	        evaluation_status = #{evaluationStatus},
	      </if>
	      <if test="formPeople != null">
	        form_people = #{formPeople},
	      </if>
	      <if test="outsetTime != null">
	        outset_time = #{outsetTime},
	      </if>
	      <if test="returnTime != null">
	        return_time = #{returnTime},
	      </if>
	      <if test="peopleSum != null">
	        people_sum = #{peopleSum},
	      </if>
	      <if test="earnPoint != null">
	        earn_point = #{earnPoint},
	      </if>
	      <if test="availableMaximumAmount != null">
	        available_maximum_amount = #{availableMaximumAmount},
	      </if>
	      <if test="createBy != null">
	        create_by = #{createBy},
	      </if>
	      <if test="createTime != null">
	        create_time = #{createTime},
	      </if>
	      <if test="updateBy != null">
	        update_by = #{updateBy},
	      </if>
	      <if test="updateTime != null">
	        update_time = #{updateTime},
	      </if>
	    </set>
	    where activity_id = #{activityId}
  	</update>

	<select id="getPayActivityByActivityId" resultType="com.infox.tourism.entity.vo.activityDetailVO.PayActivityVO">
		SELECT
			linedd.dic_name,
			ll.ll_level AS line_level,
			ai.id,
			ai.activity_id,
			ai.cover_id,
			ai.evaluation_id,
			ai.insurances_id,
			ai.line_id,
			ai.type_dic_id,
			ai.activity_name,
			ai.most_people_sum,
			ai.false_member_num,
			ai.a_status,
			ai.a_enable,
			ai.is_delete,
			ai.qr_code,
			ai.adult_price,
			ai.child_price,
			ai.a_offer,
			ai.vip_price,
			ai.activity_status,
			ai.meeting_place,
			ai.a_employ,
			ai.composite_score,
			ai.payment_money,
			ai.payment_number,
			ai.evaluation_status,
			ai.form_people,
			ai.outset_time,
			ai.return_time,
			ai.people_sum,
			ai.earn_point,
			ai.available_maximum_amount,
			ai.shelf_time,
			ai.departure_time,
			ai.shelves_time,
			ai.a_label,
			ai.by_safe,
			ai.rebate,
			ai.sb_location_id,
			ai.product_id,
			ai.by_product,
			ai.create_by,
			ai.create_time,
			ai.warm_prompt
		FROM
			activity_info ai
			JOIN activity_rules ar ON ai.activity_id = ar.activity_id
			JOIN data_dic dd ON dd.dic_type = ai.type_dic_id  and dd.dic_value='ACTIVITIE_2'
			JOIN line l ON ai.line_id = l.line_id and l.is_delete=1
			JOIN line_level ll ON ll.line_level_id = l.line_level_id and ll.is_delete=1
			<!-- 			JOIN line_duration ld ON ld.line_duration_id = l.line_duration_id and ld.is_delete=1 -->
			JOIN data_dic linedd ON linedd.dic_type = l.l_age AND linedd.dic_value = 'AGE_3' AND linedd.is_delete = 1 
		where ai.activity_id=#{activityId}
	</select>

	<!--查询热门活动-->
	<select id="selectByPopular" resultType="com.infox.tourism.entity.vo.activity.ActivityBase">

		SELECT
<!-- 			b.*, -->
			b.line_id, 
			a.type_dic_id AS activityType,
			a.activity_name AS activityName,
			a.activity_id AS activityId,
			a.type_dic_id AS typeDicId,
			a.activity_status AS activityStatus,
			a.a_status AS aStatus,
			a.cover_id AS coverId,
			a.outset_time AS outsetTime,
			ld.duration_time
		FROM
			activity_info a
			JOIN line b ON a.line_id = b.line_id
			join line_duration ld on ld.line_duration_id=b.line_duration_id
		WHERE
			b.popular = #{popular}
			AND a.company_id=#{companyId}
			AND a.is_delete = 1
			AND b.is_delete = 1
			AND a.a_status = 3
			AND a.activity_status != 4
			AND a.activity_status != 6
			AND a.activity_status != 7
			AND a.activity_id != #{activityId}
			GROUP BY a.activity_name
			order by rand()
	</select>
	<!--根据路线id查询有多少条活动-->
	<select id="selectActivityByLineId" resultType="com.infox.tourism.entity.vo.activity.ActivityBase">
		SELECT a.* FROM activity_info a WHERE a.line_id = #{lineId}
			and a.is_delete = 1
			AND a.a_status = 3
			AND a.activity_status != 4
			AND a.activity_status != 6
			AND a.activity_status != 7
	</select>
	
	

</mapper>