<?xml version="1.0" encoding="UTF-8"?>
<!DOCTYPE mapper PUBLIC "-//mybatis.org//DTD Mapper 3.0//EN" "http://mybatis.org/dtd/mybatis-3-mapper.dtd">

<mapper namespace="com.infox.tourism.dao.ActivityRulesDao">

	<!-- 可根据自己的需求，是否要使用 -->
    <resultMap type="com.infox.tourism.entity.ActivityRulesEntity" id="activityRulesMap">
        <result property="id" column="id"/>
        <result property="activityRulesId" column="activity_rules_id"/>
        <result property="activityId" column="activity_id"/>
        <result property="originalCost" column="original_cost"/>
        <result property="unitPrice" column="unit_price"/>
        <result property="seckillPrice" column="seckill_price"/>
        <result property="isDelete" column="is_delete"/>
        <result property="bargainNum" column="bargain_num"/>
        <result property="unitNum" column="unit_num"/>
        <result property="arParticipants" column="ar_participants"/>
        <result property="putawayTime" column="putaway_time"/>
        <result property="downTime" column="down_time"/>
        <result property="unitWaitTime" column="unit_wait_time"/>
        <result property="createTime" column="create_time"/>
        <result property="createBy" column="create_by"/>
        <result property="updateTime" column="update_time"/>
        <result property="updateBy" column="update_by"/>
    </resultMap>

    <!-- 查询分页 -->
    <select id="queryPage" resultType="com.infox.tourism.entity.ActivityRulesEntity">
        SELECT * FROM activity_rules
    </select>

    <!--更新活动-->
    <!--根据id修改-->
    <update id="updateActivityRules" parameterType="com.infox.tourism.entity.ActivityInfoEntity">
        update activity_rules set
        original_cost = #{originalCost},
        unit_price = #{unitPrice},
        seckill_price = #{seckillPrice},
        unit_time = #{unitTime},
        bargaining_time = #{bargainingTime},
        seconds_kill_time = #{secondsKillTime},
        bargain_num = #{bargainNum},
        unit_num = #{unitNum},
        ar_participants = #{arParticipants},
        putaway_time = #{putawayTime},
        down_time = #{downTime},
        update_by = #{updateBy},
        update_time = #{updateTime}
        where
        activity_id = #{activityId}
    </update>

    <!--根据活动id查询信息-->
    <select id="selectByActivityId" resultType="com.infox.tourism.entity.ActivityRulesEntity">
        SELECT * FROM activity_rules
        where
        activity_id = #{activityId} AND is_delete = 1
        limit 1
    </select>



    <!--删除全部-->
    <update id="deleteList" parameterType="com.infox.tourism.entity.ActivityRulesEntity">
        UPDATE activity_rules set
        is_delete = #{isDelete}
        where
        activity_rules_id = #{activityRulesId}
    </update>


</mapper>