<?xml version="1.0" encoding="UTF-8"?>
<!DOCTYPE mapper PUBLIC "-//mybatis.org//DTD Mapper 3.0//EN" "http://mybatis.org/dtd/mybatis-3-mapper.dtd">

<mapper namespace="com.infox.tourism.dao.ActivityCoverDao">

	<!-- 可根据自己的需求，是否要使用 -->
    <resultMap type="com.infox.tourism.entity.ActivityCoverEntity" id="activityCoverMap">
        <result property="id" column="id"/>
        <result property="activityCoverId" column="activity_cover_id"/>
        <result property="activityId" column="activity_id"/>
        <result property="imgUrl" column="img_url"/>
        <result property="acStart" column="ac_start"/>
        <result property="acCover" column="ac_cover"/>
        <result property="imgDescribe" column="img_describe"/>
        <result property="createBy" column="create_by"/>
        <result property="createTime" column="create_time"/>
        <result property="updateBy" column="update_by"/>
        <result property="updateTime" column="update_time"/>
    </resultMap>

    <!-- 查询分页 -->
    <select id="queryPage" resultType="com.infox.tourism.entity.ActivityCoverEntity">
        SELECT * FROM activity_cover
    </select>

    <select id="queryByCoverList" resultType="com.infox.tourism.entity.ActivityCoverEntity">
        SELECT * FROM activity_cover WHERE activity_id = #{activityId}
    </select>


</mapper>