<?xml version="1.0" encoding="UTF-8"?>
<!DOCTYPE mapper PUBLIC "-//mybatis.org//DTD Mapper 3.0//EN" "http://mybatis.org/dtd/mybatis-3-mapper.dtd">

<mapper namespace="com.infox.tourism.dao.AlbumDao">

	<!-- 可根据自己的需求，是否要使用 -->
    <resultMap type="com.infox.tourism.entity.PersonalPhotoAlbumEntity" id="personalPhotoAlbumMap">
        <result property="id" column="id"/>
        <result property="albumId" column="album_id"/>
        <result property="leaderId" column="leader_id"/>
        <result property="ppaName" column="ppa_name"/>
        <result property="ppaDescribe" column="ppa_describe"/>
        <result property="ppaUrl" column="ppa_url"/>
        <result property="createBy" column="create_by"/>
        <result property="createTime" column="create_time"/>
        <result property="updateBy" column="update_by"/>
        <result property="updateTime" column="update_time"/>
    </resultMap>

    <!-- 查询分页 -->
    <select id="queryPage" resultType="com.infox.tourism.entity.vo.albumVO.AlbumVo" parameterType="string">
        SELECT * FROM personal_photo_album WHERE user_id = #{userId} and is_delete = '1' order by create_time desc
    </select>

    <select id="selectByUserId" resultType="com.infox.tourism.entity.vo.albumVO.AlbumVo" parameterType="string">
        SELECT * FROM personal_photo_album WHERE user_id = #{userId} and is_delete = '1' order by create_time desc
    </select>

    <!-- 查询分页 -->
    <select id="selectByLeaderId" resultType="com.infox.tourism.entity.PersonalPhotoAlbumEntity">
        SELECT * FROM personal_photo_album WHERE leader_id = #{leaderId}
    </select>

    <!--删除-->
    <update id="deleteByAlbumId" parameterType="string">
        UPDATE personal_photo_album SET is_delete = #{isDelete} WHERE album_id = #{albumId}
    </update>

    <!--更新-->
    <update id="updateByAlbumId" parameterType="com.infox.tourism.entity.PersonalPhotoAlbumEntity">
      UPDATE personal_photo_album SET
      ppa_name = #{ppaName},
      ppa_describe = #{ppaDescribe},
      ppa_url = #{ppaUrl},
      update_by = #{updateBy},
      update_time = #{updateTime}
      WHERE album_id = #{albumId}
    </update>

    <!-- 查询分页 -->
    <select id="selectByAlbumId" resultType="com.infox.tourism.entity.PersonalPhotoAlbumEntity">
        SELECT * FROM personal_photo_album WHERE album_id = #{albumId} and is_delete = 1
    </select>


</mapper>