<?xml version="1.0" encoding="UTF-8"?>
<!DOCTYPE mapper PUBLIC "-//mybatis.org//DTD Mapper 3.0//EN" "http://mybatis.org/dtd/mybatis-3-mapper.dtd">

<mapper namespace="com.infox.tourism.dao.AttentionDao">

	<!-- 可根据自己的需求，是否要使用 -->
    <resultMap type="com.infox.tourism.entity.AttentionEntity" id="attentionMap">
        <result property="id" column="id"/>
        <result property="attentionId" column="attention_id"/>
        <result property="leaderId" column="leader_id"/>
        <result property="attentionPeople" column="attention_people"/>
        <result property="aUrl" column="a_url"/>
        <result property="attentionTime" column="attention_time"/>
        <result property="createBy" column="create_by"/>
        <result property="createTime" column="create_time"/>
        <result property="updateBy" column="update_by"/>
        <result property="updateTime" column="update_time"/>
    </resultMap>

    <!-- 查询分页 -->
    <select id="queryPage" resultType="com.infox.tourism.entity.AttentionEntity">
        SELECT * FROM attention
    </select>

	<!-- 根据领队id和用户openId查询是否关注 -->
<!--     <select id="queryAttByOpLed" resultType="com.infox.tourism.entity.AttentionEntity">
        SELECT * FROM attention where attention_people=#{openId} and leader_id=#{leaderId}
    </select> -->
    
    <select id="queryAttByUserId" resultType="com.infox.tourism.entity.AttentionEntity">
    	SELECT * FROM attention where attention_people=#{userId} and leader_id=#{leaderId}
    </select>
	
		<!--更新-->
	    <update id="updateById" parameterType="com.infox.tourism.entity.AttentionEntity">
	      UPDATE attention SET
	      is_enable = #{isEnable},      
	      update_by = #{updateBy},
	      update_time = #{updateTime}
	      WHERE attention_id = #{attentionId}
	    </update>

    <!--关注领队-->
    <select id="selectByAttentionPeople" resultType="com.infox.tourism.entity.vo.UserVO.AttentionVO">
        SELECT
            *
        FROM
            attention a
            LEFT JOIN leader_info li ON a.leader_id = li.leader_id
            LEFT JOIN leader_level ll ON li.level_id = ll.level_id
        WHERE
            a.attention_people = #{openId} AND a.is_enable = '1'
    </select>

    <!--关注总数-->
    <select id="selectByAttentionNum" resultType="java.lang.Integer">
        SELECT
            COUNT( leader_id )
        FROM
            attention
        WHERE
            attention_people = #{openId}
            AND is_enable = '1'
    </select>

</mapper>