<?xml version="1.0" encoding="UTF-8"?>
<!DOCTYPE mapper PUBLIC "-//mybatis.org//DTD Mapper 3.0//EN" "http://mybatis.org/dtd/mybatis-3-mapper.dtd">

<mapper namespace="com.infox.tourism.dao.CalenderDao">

	<!-- 可根据自己的需求，是否要使用 -->
    <resultMap type="com.infox.tourism.entity.vo.CalenderVO.CalenderVO" id="CanlenderMap">
        <result property="activityId" column="activity_id"/>
        <result property="activityName" column="activity_name"/>
        <result property="activityStatus" column="activity_status"/>
        <result property="outsetTime" column="outset_time"/>
        <result property="leaderId" column="leader_id"/>
        <result property="nickName" column="nick_name"/>
        <result property="durationTime" column="duration_time"/>     
    </resultMap>

    <!-- 可根据自己的需求，是否要使用 -->
    <resultMap type="com.infox.tourism.entity.vo.CalenderVO.CalenderCountVO" id="CalenderCount">
        <result property="durationTime" column="duration_time"/>
        <result property="acCount" column="ac_count"/>  
    </resultMap>

	<!-- 根据时间查询活动列表-->
    <select id="selectCalenderListByDay" resultType="com.infox.tourism.entity.vo.CalenderVO.CalenderVO">
       select ac.activity_id,ac.activity_name,ac.activity_status,li.line_id,
       		date_format(ac.outset_time, '%Y-%m-%d')  outset_time,
       		date_format(ac.return_time, '%Y-%m-%d')  return_time,
       		(to_days(ac.return_time) - to_days(ac.outset_time)) durationDay,
			le.leader_id,le.nick_name,ld.duration_time, ac.cover_id imgUrl
			from activity_info ac 
			LEFT JOIN (SELECT * from activity_leader_relation al GROUP BY al.activity_id ) lr on lr.activity_id=ac.activity_id 
			LEFT JOIN leader_info le on lr.leader_id=le.leader_id
			LEFT JOIN line li on ac.line_id=li.line_id 
			LEFT JOIN line_duration ld on li.line_duration_id=ld.line_duration_id and ld.is_delete='1' and ld.ld_enable='1'
			where ac.a_status='3' 
			and ac.a_enable='1' 
			and ac.is_delete='1' 
			and ac.company_id=#{companyId}
			<!-- 1已报满  2已成行  3报名中   4已截止  5  即将成行 6 已下架 7未成行(已取消) -->
			and ac.activity_status!=7
			and ac.activity_status!=6
			and ac.activity_status!=4
			and (ac.outset_time= cast(#{dayTime} as datetime))
    </select>
    <!-- 查询指定月每天的活动总数-->
    <select id="selectCalenderCount" resultType="com.infox.tourism.entity.vo.CalenderVO.CalenderCountVO">
       select COUNT(ac.activity_id) ac_count,date_format(ac.outset_time, '%Y-%m-%d') outset_time
		from activity_info ac 
			LEFT JOIN (SELECT * from activity_leader_relation al GROUP BY al.activity_id ) lr on lr.activity_id=ac.activity_id 
			LEFT JOIN leader_info le on lr.leader_id=le.leader_id
			LEFT JOIN line li on ac.line_id=li.line_id 
			LEFT JOIN line_duration ld on li.line_duration_id=ld.line_duration_id and ld.is_delete='1' and ld.ld_enable='1'
			where  
			ac.a_status=3 
			and ac.a_enable=1 
			and ac.is_delete=1 
			and ac.company_id=#{companyId}
			<!-- 1已报满  2已成行  3报名中   4已截止  5  即将成行 6 已下架 7未成行(已取消) -->
			and ac.activity_status!=7
			and ac.activity_status!=6
			and ac.activity_status!=4
			and (ac.outset_time &gt;= cast(#{startTime} as datetime)) and (ac.outset_time  &lt;= cast(#{endTime} as datetime))
			GROUP BY ac.outset_time
    </select>
</mapper>