<?xml version="1.0" encoding="UTF-8"?>
<!DOCTYPE mapper PUBLIC "-//mybatis.org//DTD Mapper 3.0//EN" "http://mybatis.org/dtd/mybatis-3-mapper.dtd">

<mapper namespace="com.infox.tourism.dao.CollectDao">
	<!-- 可根据自己的需求，是否要使用 -->
    <resultMap type="com.infox.tourism.entity.TravelsEntity" id="travelsMap">
        <result property="id" column="id"/>
        <result property="collectUserId" column="collect_user_id"/>
        <result property="travelsActivityId" column="travels_activity_id"/>
        <result property="collectType" column="collect_type"/>
        <result property="isEnable" column="is_enable"/>
    </resultMap>
    
    <!-- 根据id查询 -->
    <select id="selectById" resultType="com.infox.tourism.entity.CollectEntity">
       SELECT  l.*
        FROM collect l      
        where l.travels_activity_id=#{travelsActivityId}  and l.user_id = #{userId}   and l.collect_type=#{collectType}               
    </select>

	<!--修改-->
    <update id="updateById" parameterType="com.infox.tourism.entity.CollectEntity">
        update collect set
        is_enable = #{isEnable},
        update_time=#{updateTime}   
        where
        collect_user_id = #{collectUserId}
    </update>

    <!--我的收藏  活动-->
    <select id="selectByActivity" resultType="com.infox.tourism.entity.vo.UserVO.CollectVO">
        SELECT
            ai.activity_id,
            ai.cover_id,
            ai.activity_name,
            l.price_adult,
            l.line_id,
            ai.activity_status,
            ui.head_img,
			li.nick_name
        FROM
            user_info ui
            LEFT JOIN collect col ON ui.user_id = col.user_id
            LEFT JOIN activity_info ai ON col.travels_activity_id = ai.activity_id
            LEFT JOIN line l ON ai.line_id = l.line_id
            LEFT JOIN (SELECT * from activity_leader_relation ac GROUP BY ac.activity_id) lr on lr.activity_id=ai.activity_id
			LEFT JOIN leader_info li ON li.leader_id = lr.leader_id
        WHERE
            ui.user_id = #{userId}
            AND col.collect_type = '1' AND col.is_enable = '1'
    </select>

    <!--我的收藏 游记-->
    <select id="selectTravels" resultType="com.infox.tourism.entity.vo.UserVO.CollectVO">
       SELECT
        t.mp_url,t.travels_id,t.tra_content,ui.nick_name,t.tra_title,ui.head_img, t.relay_num
        FROM
        user_info ui
        LEFT JOIN collect col ON ui.user_id = col.user_id
        LEFT JOIN travels t ON col.travels_activity_id = t.travels_id
        WHERE
        ui.user_id = #{userId}
        AND col.collect_type = '2' AND col.is_enable = '1'
    </select>

    <!--取消收藏-->
    <update id="updateEnable">
        UPDATE collect
        SET is_enable = #{isEnable},
        update_time = #{updateTime}
        WHERE
        travels_activity_id = #{travelsActivityId} and user_id= #{userId}
    </update>

</mapper>