<?xml version="1.0" encoding="UTF-8"?>
<!DOCTYPE mapper PUBLIC "-//mybatis.org//DTD Mapper 3.0//EN" "http://mybatis.org/dtd/mybatis-3-mapper.dtd">
<mapper namespace="com.infox.tourism.dao.CommonContactsDao">
  	<resultMap id="contactsMap" type="com.infox.tourism.entity.CommonContacts">
	    <id column="common_contacts_id"  property="commonContactsId" />
	    <result column="contacts_name"  property="contactsName" />
	    <result column="id_card"  property="idCard" />
	    <result column="mobile" property="mobile" />
	    <result column="create_time"  property="createTime" />
	    <result column="create_by"  property="createBy" />
	    <result column="user_id"  property="userId" />
	    <result column="update_time"  property="updateTime" />
	    <result column="update_by"  property="updateBy" />
  	</resultMap>
  
 	<delete id="deleteByUserId">
		delete from common_contacts
		where user_id = #{userId}
	</delete>
	
	<update id="updateByContactId" >
		UPDATE common_contacts SET 
<!-- 		<if test=" userId != null and userId != '' "> -->
			user_id=#{userId},
<!-- 		</if> -->
<!-- 		<if test=" contactsName != null and contactsName != '' "> -->
			contacts_name=#{contactsName},
<!-- 		</if> -->
<!-- 		<if test=" idCard != null and idCard != '' "> -->
			id_card=#{idCard},
<!-- 		</if> -->
<!-- 		<if test=" age != null "> -->
			age=#{age},
<!-- 		</if> -->
<!-- 		<if test=" sex != null "> -->
			sex=#{sex},
<!-- 		</if> -->
<!-- 		<if test=" certificateType != null "> -->
			certificate_type=#{certificateType},
<!-- 		</if> -->
<!-- 		<if test=" birthday != null "> -->
			birthday=#{birthday},
<!-- 		</if> -->
<!-- 		<if test=" mobile != null and mobile != '' "> -->
			mobile=#{mobile},
<!-- 		</if> -->
<!-- 		<if test=" peopleType != null "> -->
			people_type=#{peopleType},
<!-- 		</if> -->
<!-- 		<if test=" updateTime != null "> -->
			update_time=#{updateTime},
<!-- 		</if> -->
<!-- 		<if test=" updateBy != null and updateBy != '' "> -->
			update_by=#{updateBy}
<!-- 		</if> -->
		where common_contacts_id = #{commonContactsId}
	</update>
	
	<delete id="deleteByContactsId">
		delete from common_contacts
		where common_contacts_id = #{commonContactsId}
	</delete>
 
 	<select id="findInId" resultType="com.infox.tourism.entity.CommonContacts">
        select * from common_contacts
        where user_id=#{userId} and common_contacts_id in
		<foreach collection="ids" item="id" open="(" close=")" separator=",">
			#{id}
		</foreach>
    </select>
    
    <select id="getByIdCard" resultType="com.infox.tourism.entity.CommonContacts">
        select * from common_contacts
        where id_card=#{idCard} and user_id=#{userId}
    </select>
</mapper>