<?xml version="1.0" encoding="UTF-8"?>
<!DOCTYPE mapper PUBLIC "-//mybatis.org//DTD Mapper 3.0//EN" "http://mybatis.org/dtd/mybatis-3-mapper.dtd">

<mapper namespace="com.infox.tourism.dao.DestinationDao">

	<!-- 可根据自己的需求，是否要使用 -->
    <resultMap type="com.infox.tourism.entity.DestinationInfoEntity" id="destinationInfoMap">
        <result property="id" column="id"/>
        <result property="destinationId" column="destination_id"/>
        <!--<result property="lineId" column="line_id"/>-->
        <result property="dCountry" column="d_country"/>
        <result property="dProvince" column="d_province"/>
        <result property="dCity" column="d_city"/>
        <result property="dEnable" column="d_enable"/>
        <result property="dUrl" column="d_url"/>
        <result property="isDelete" column="is_delete"/>
        <result property="createBy" column="create_by"/>
        <result property="createTime" column="create_time"/>
        <result property="updateBy" column="update_by"/>
        <result property="updateTime" column="update_time"/>
    </resultMap>



    <!--公众号查询全部-->
    <select id="queryPage" resultType="com.infox.tourism.entity.vo.indexVO.DestinationIndexVO">
        select * 
        	from destination_info 
        where 1=1
        	<if test="destinationId != null and destinationId!=''" >
        		and destination_id=#{destinationId}
        	</if>
        	and is_delete = 1 
        	and d_enable = 1 
        	order by country_id,province_id,city_id
    </select>


</mapper>