<?xml version="1.0" encoding="UTF-8"?>
<!DOCTYPE mapper PUBLIC "-//mybatis.org//DTD Mapper 3.0//EN" "http://mybatis.org/dtd/mybatis-3-mapper.dtd">

<mapper namespace="com.infox.tourism.dao.EvaluationDao">

	<!-- 可根据自己的需求，是否要使用 -->
    <resultMap type="com.infox.tourism.entity.EvaluationEntity" id="evaluationMap">
        <result property="id" column="id"/>
        <result property="evaluationId" column="evaluation_id"/>
        <result property="userId" column="user_id"/>
        <result property="leaderId" column="leader_id"/>
        <result property="activityId" column="activity_id"/>
        <result property="eScontent" column="e_scontent"/>
        <result property="evaluationTime" column="evaluation_time"/>
        <result property="trafficSatisfaction" column="traffic_satisfaction"/>
        <result property="leaderSatisfaction" column="leader_satisfaction"/>
        <result property="lineSatisfaction" column="line_satisfaction"/>
        <result property="auditStatus" column="audit_status"/>
        <result property="isDelete" column="is_delete"/>
        <result property="eAnonymity" column="e_anonymity"/>
        <result property="createBy" column="create_by"/>
        <result property="createTime" column="create_time"/>
        <result property="updateBy" column="update_by"/>
        <result property="updateTime" column="update_time"/>       
    </resultMap>

    <!-- 查询分页 -->
    <select id="selectByUserId" resultType="com.infox.tourism.entity.vo.evaluation.EvaluationVO">
        SELECT
			e.e_scontent,
			e.evaluation_time,
			e.leader_satisfaction,
			e.line_satisfaction,
			ai.activity_name,
			ai.activity_id,
			ai.outset_time,
			ld.duration_time,
			e.traffic_satisfaction
		FROM
			evaluation e
		JOIN user_info ui ON ui.user_id = e.user_id
		JOIN activity_info ai ON e.activity_id = ai.activity_id
		JOIN line l ON ai.line_id = l.line_id
		JOIN line_duration ld ON ld.line_duration_id = l.line_duration_id
        WHERE
            ui.user_id = #{userId}
    </select>

    <!--线路的评价汇总-->
    <select id="selectEvaluationByLineId" resultType="com.infox.tourism.entity.vo.activityDetailVO.LineEvaluationVO">
        select * from vi_evaluation_satisfaction where line_id = #{lineId} and audit_status = 1
    </select>
    <select id="selectCommonListByLineId" resultType="com.infox.tourism.entity.vo.baseVo.CommentVO">
        select * from vi_evaluation_base where  line_id = #{lineId}
    </select>

    <!--根据活动id查询评价详情-->
    <select id="selectEvaluationByActivityId" resultType="com.infox.tourism.entity.EvaluationEntity">
        SELECT * FROM `evaluation` a
        JOIN user_info b ON a.user_id = b.user_id
        WHERE a.user_id=#{userId} 
        	and a.activity_id = #{activityId}
       	LIMIT 1
    </select>

    <select id="selectEvaluationStatusByActivityId" resultType="java.lang.Integer">
        SELECT * FROM `evaluation` a
        JOIN user_info b ON a.user_id = b.user_id
        WHERE a.activity_id = #{activityId}
    </select>


</mapper>