<?xml version="1.0" encoding="UTF-8"?>
<!DOCTYPE mapper PUBLIC "-//mybatis.org//DTD Mapper 3.0//EN" "http://mybatis.org/dtd/mybatis-3-mapper.dtd">

<mapper namespace="com.infox.tourism.dao.ExceptionalRecordDao">

	<!-- 可根据自己的需求，是否要使用 -->
    <resultMap type="com.infox.tourism.entity.ExceptionalRecordEntity" id="exceptionalRecordMap">
        <result property="id" column="id"/>
        <result property="exceptionalRecordId" column="exceptional_record_id"/>
        <result property="leaderId" column="leader_id"/>
        <result property="exceptionalPeople" column="exceptional_people"/>
        <result property="erUrl" column="er_url"/>
        <result property="exceptionalTime" column="exceptional_time"/>
        <result property="erMoney" column="er_money"/>
        <result property="createBy" column="create_by"/>
        <result property="createTime" column="create_time"/>
        <result property="updateBy" column="update_by"/>
        <result property="updateTime" column="update_time"/>
    </resultMap>

    <!-- 查询分页 -->
    <select id="queryPage" resultType="com.infox.tourism.entity.ExceptionalRecordEntity">
        SELECT * FROM exceptional_record
    </select>

    <!--根据exceptional_people查询-->
    <select id="selectByExceptionalPeople" resultType="com.infox.tourism.entity.vo.UserVO.ExceptionalVO">
        SELECT
            *
        FROM
            `exceptional_record` er
            LEFT JOIN user_info ui ON ui.user_id = er.exceptional_people
            LEFT JOIN leader_info li ON er.leader_id = li.leader_id
        WHERE
            er.exceptional_people = #{openId} and er.state=1
    </select>

 		<!-- 根据id查询打赏 -->
	    <select id="queryById" resultType="com.infox.tourism.entity.ExceptionalRecordEntity">
	        SELECT * FROM exceptional_record where exceptional_record_id=#{exceptionalRecordId}
	    </select>

		<!-- 根据trxid查询打赏 -->
	    <select id="queryByTrxid" resultType="com.infox.tourism.entity.ExceptionalRecordEntity">
	        SELECT * FROM exceptional_record where trxid=#{trxid}
	    </select>
	    
			<!--更新-->
    <update id="updateById" parameterType="com.infox.tourism.entity.ExceptionalRecordEntity">
	      UPDATE exceptional_record SET
	      state = #{state},   
	      trxid = #{trxid},       
	      update_by = #{updateBy},
	      update_time = #{updateTime}
	      WHERE exceptional_record_id = #{exceptionalRecordId}
    </update>
    
    <update id="updateStatusById" >
	      UPDATE exceptional_record SET
	      state = #{state},   
	      trxid = #{trxid},       
<!-- 	      update_by = #{updateBy}, -->
	      update_time = now()
	      WHERE exceptional_record_id = #{exceptionalRecordId}
    </update>
	
    <!--我的总金额-->
    <select id="getTotalAmount" resultType="java.lang.Integer">
        SELECT
            SUM( er_money )
        FROM
            exceptional_record
        WHERE
            exceptional_people = #{openId}
    </select>

    <!--根据活动id跟领队id查询数据-->
    <!-- 查询活动领队打赏记录 -->
    <select id="selectExceptionalRecordByActivityIdAndLeaderId" resultType="com.infox.tourism.entity.ExceptionalRecordEntity">
        SELECT
			a.er_url,
			b.nick_name AS exceptionalPeople,
			a.exceptional_record_id,
			a.exceptional_time,
			c.amount AS er_money,
			d.nick_name as leader_nick_name
		FROM
			exceptional_record a
		JOIN user_info b ON b.user_id = a.exceptional_people
		JOIN exceptional_record_detail c ON c.exceptional_record_id = a.exceptional_record_id
		JOIN leader_info d on d.leader_id = c.leader_id
		WHERE
			a.activity_id = #{activityId}
<!-- 		AND a.leader_id = #{leaderId} -->
		AND state = 1
		AND c.leader_id in 
		<foreach collection="leaderId" item="id" open="(" close=")" separator=",">
			#{id}
		</foreach>
		ORDER BY a.exceptional_time DESC
    </select>

    <select id="selectCountByLeaderId" resultType="java.lang.Integer">
        SELECT count(a.er_money) FROM `exceptional_record` a WHERE a.leader_id = #{leaderId}
    </select>



</mapper>