<?xml version="1.0" encoding="UTF-8"?>
<!DOCTYPE mapper PUBLIC "-//mybatis.org//DTD Mapper 3.0//EN" "http://mybatis.org/dtd/mybatis-3-mapper.dtd">

<mapper namespace="com.infox.tourism.dao.ExceptionalSumInfoDao">

	<!-- 可根据自己的需求，是否要使用 -->
    <resultMap type="com.infox.tourism.entity.ExceptionalSumInfoEntity" id="exceptionalSumInfoMap">
        <result property="id" column="id"/>
        <result property="exceptionalSumId" column="exceptional_sum_id"/>
        <result property="leaderId" column="leader_id"/>
        <result property="esSum" column="es_sum"/>
        <result property="updateTime" column="update_time"/>
        <result property="createBy" column="create_by"/>
        <result property="createTime" column="create_time"/>
        <result property="updateBy" column="update_by"/>
    </resultMap>

    <!-- 查询分页 -->
    <select id="queryPage" resultType="com.infox.tourism.entity.ExceptionalSumInfoEntity">
        SELECT * FROM exceptional_sum_info
    </select>

	   <!-- 根据领队id查询打赏 -->
	    <select id="queryExSumInfoByleaderId" resultType="com.infox.tourism.entity.ExceptionalSumInfoEntity">
	        SELECT * FROM exceptional_sum_info where leader_id=#{leaderId}
	    </select>

		
	  	<!--更新-->
	    <update id="updateById" parameterType="com.infox.tourism.entity.ExceptionalSumInfoEntity">
	      UPDATE exceptional_sum_info SET
	      es_sum = #{esSum},      
	      update_by = #{updateBy},
	      update_time = #{updateTime}
	      WHERE exceptional_sum_id = #{exceptionalSumId}
	    </update>
</mapper>