<?xml version="1.0" encoding="UTF-8"?>
<!DOCTYPE mapper PUBLIC "-//mybatis.org//DTD Mapper 3.0//EN" "http://mybatis.org/dtd/mybatis-3-mapper.dtd">

<mapper namespace="com.infox.tourism.dao.InsureOrderDao">

	<!-- 可根据自己的需求，是否要使用 -->
    <resultMap type="com.infox.tourism.entity.InsureOrderEntity" id="insureOrderMap">
        <result property="id" column="id"/>
        <result property="insureOrderId" column="insure_order_id"/>
        <result property="insureNum" column="insure_num"/>
        <result property="insureOrderStatus" column="insure_order_status"/>
        <result property="startDate" column="start_date"/>
        <result property="endDate" column="end_date"/>
        <result property="insurePayMsg" column="insure_pay_msg"/>
        <result property="insurePayCode" column="insure_pay_code"/>
        <result property="craterBy" column="crater_by"/>
        <result property="craterTime" column="crater_time"/>
        <result property="updateBy" column="update_by"/>
        <result property="updateTime" column="update_time"/>
    </resultMap>

    <!-- 查询分页 -->
    <select id="queryPage" resultType="com.infox.tourism.entity.InsureOrderEntity">
        SELECT * FROM insure_order
    </select>

	<select id="getByOrderId" resultType="com.infox.tourism.entity.InsureOrderEntity">
        SELECT * FROM insure_order where insure_order_id=#{orderId}
    </select>
    
</mapper>