<?xml version="1.0" encoding="UTF-8"?>
<!DOCTYPE mapper PUBLIC "-//mybatis.org//DTD Mapper 3.0//EN" "http://mybatis.org/dtd/mybatis-3-mapper.dtd">

<mapper namespace="com.infox.tourism.dao.IntegralIncomeDao">

	<!-- 可根据自己的需求，是否要使用 -->
    <resultMap type="com.infox.tourism.entity.IntegralIncomeEntity" id="integralIncomeMap">
        <result property="id" column="id"/>
        <result property="integralIncomeId" column="integral_income_id"/>
        <result property="userId" column="user_id"/>
        <result property="integralType" column="integral_type"/>
        <result property="integralDateId" column="integral_date_id"/>
        <result property="isDel" column="is_del"/>
        <result property="associatedId" column="associated_id"/>
        <result property="createTime" column="create_time"/>
        <result property="createBy" column="create_by"/>
        <result property="updateTime" column="update_time"/>
        <result property="updateBy" column="update_by"/>
    </resultMap>



</mapper>