<?xml version="1.0" encoding="UTF-8"?>
<!DOCTYPE mapper PUBLIC "-//mybatis.org//DTD Mapper 3.0//EN" "http://mybatis.org/dtd/mybatis-3-mapper.dtd">

<mapper namespace="com.infox.tourism.dao.IntegralPayDao">

	<!-- 可根据自己的需求，是否要使用 -->
    <resultMap type="com.infox.tourism.entity.IntegralPayEntity" id="integralPayMap">
        <result property="id" column="id"/>
        <result property="integralPayId" column="integral_pay_id"/>
        <result property="userId" column="user_id"/>
        <result property="ipExchange" column="ip_exchange"/>
        <result property="isDel" column="is_del"/>
        <result property="integralPayNum" column="integral_pay_num"/>
        <result property="payTime" column="pay_time"/>
        <result property="payBy" column="pay_by"/>
        <result property="updateTime" column="update_time"/>
        <result property="updateBy" column="update_by"/>
    </resultMap>



</mapper>