<?xml version="1.0" encoding="UTF-8"?>
<!DOCTYPE mapper PUBLIC "-//mybatis.org//DTD Mapper 3.0//EN" "http://mybatis.org/dtd/mybatis-3-mapper.dtd">

<mapper namespace="com.infox.tourism.dao.LeaderApplyDao">

	<!-- 可根据自己的需求，是否要使用 -->
    <resultMap type="com.infox.tourism.entity.LeaderApplyEntity" id="leaderApplyMap">
        <result property="id" column="id"/>
        <result property="leaderApplyId" column="leader_apply_id"/>
        <result property="leaderId" column="leader_id"/>
        <result property="lReason" column="l_reason"/>
        <result property="lFeedback" column="l_feedback"/>
        <result property="lProposer" column="l_proposer"/>
        <result property="lStatus" column="l_status"/>
        <result property="isDelete" column="is_delete"/>
        <result property="createBy" column="create_by"/>
        <result property="createTime" column="create_time"/>
        <result property="updateBy" column="update_by"/>
        <result property="updateTime" column="update_time"/>
    </resultMap>

    <!--根据openid查询领队申请信息-->
    <select id="selectLeaderApplyByUserId" resultType="com.infox.tourism.entity.v2.leaderinfo.vo.LeaderVo">
        SELECT
            b.people_name,
            b.id_card,
            b.l_phone,
            b.contact_address,
            b.l_professional,
            b.l_experience,
            b.reason,
            a.l_status,
            a.leader_apply_id,
            a.leader_id
        FROM
            `leader_apply` a
            JOIN leader_info b ON a.leader_id = b.leader_id
        WHERE
            a.user_id = #{userId}
            AND a.l_status != -1
            AND b.is_delete = 1
    </select>

    



</mapper>