<?xml version="1.0" encoding="UTF-8"?>
<!DOCTYPE mapper PUBLIC "-//mybatis.org//DTD Mapper 3.0//EN" "http://mybatis.org/dtd/mybatis-3-mapper.dtd">

<mapper namespace="com.infox.tourism.dao.LeaderInfoDao">

 <!-- 查询领队等级列表 -->
    <select id="queryLeaderLevelList" resultType="com.infox.tourism.entity.LeaderLevelEntity">
     select  *
     from leader_level le
     where 
     le.is_delete=1
     and le.ll_enable=1
     order by le.start DESC
    </select>
    
    <!-- 查询领队信息分页 -->
    <select id="queryLeaderList" resultType="com.infox.tourism.entity.vo.leaderInfoVO.LeaderAndActivityVO">
     select  li.leader_id,li.nick_name,li.head_img,li.leader_level,lea.ll_content,li.l_sex,
     ev.ts trafficSatisfaction,ev.ls leaderSatisfaction,ev.lsa lineSatisfaction
     from leader_info li 
     left join leader_apply la on li.leader_id=la.leader_id
     left join (SELECT e.leader_id, AVG(e.traffic_satisfaction) ts,AVG(e.leader_satisfaction) ls,AVG(e.line_satisfaction) lsa 
     from evaluation e GROUP BY e.leader_id) ev on ev.leader_id =la.leader_id
     left join leader_level lea on lea.level_id=li.level_id 
     join sys_user_leader su on su.leader_id=li.leader_id
     where 
     lea.level_id=#{leaderLevel}
     and li.l_enable=1
     and li.is_delete=1
     and la.l_status=1
     and li.company_id=#{companyId}
     and la.is_delete=1
    </select>

	<!-- 查询领队活动信息-->
    <select id="queryLeaderActivityList" resultType="com.infox.tourism.entity.vo.leaderInfoVO.ActivityUnderLeaderVO">
     select  ai.activity_id,ai.activity_name,ai.activity_status,ai.adult_price,ai.vip_price,ld.duration_time,ai.line_id,
     date_format(ai.outset_time, '%Y-%m-%d') outset_time,
     date_format(ai.return_time, '%Y-%m-%d') return_time,
     (to_days(ai.return_time) - to_days(ai.outset_time)) durationDay,
     ai.cover_id imgUrl
	 from activity_leader_relation lr
     join leader_info le on le.leader_id = lr.leader_id
     join activity_info ai on ai.activity_id=lr.activity_id 
     join line li on li.line_id=ai.line_id
     left join line_duration ld on ld.line_duration_id=li.line_duration_id and ld.ld_enable='1' and ld.is_delete='1'    
     left join activity_cover ac on ac.activity_id=ai.activity_id
     where 
      <if test="state==1">
      		ai.return_time&gt;=curdate() and  ai.activity_status!='4' and
     </if>  
             <!--  ai.activity_status='4' and -->
      <if test="state==2">
     		 (ai.return_time &lt;curdate() or ai.activity_status='4') and 
     </if>              
     lr.leader_id=#{leaderId}
     and ai.activity_status!=6 
     and ai.activity_status!=7 
     and ai.activity_status!=4 
     and ai.a_status='3'
     and ai.a_enable='1'
     and ai.is_delete='1'
     <!-- <if test="state==1">-->
     order by FIELD(ai.activity_status, 3,5,1,2,4) ASC, ai.outset_time ASC
    <!-- </if>  -->
    </select>
    
    <!-- 根据领队id查询领队信息 -->
    <select id="queryLeaderById" resultType="com.infox.tourism.entity.vo.leaderInfoVO.LeaderAndActivityVO">
<!--      select  li.leader_id,li.nick_name,li.head_img,li.leader_level,li.master_line,li.photo_wall,lea.ll_content, -->
<!--      li.personal_interests,li.Individuality_signature,fo.followNum,ln.leadNum,li.l_sex, -->
<!--      ev.ts trafficSatisfaction,ev.ls leaderSatisfaction,ev.lsa lineSatisfaction,ev.evaluationNum -->
<!--      from leader_info li  -->
<!--       join leader_apply la on li.leader_id=la.leader_id -->
<!--      left join (SELECT al.leader_id, count(e.evaluation_id) evaluationNum,AVG(e.traffic_satisfaction) ts,AVG(e.leader_satisfaction) ls,AVG(e.line_satisfaction) lsa  -->
<!--      from evaluation e join activity_leader_relation al on al.activity_id = e.activity_id GROUP BY al.leader_id) ev on ev.leader_id =li.leader_id     -->
<!--      left join (select att.leader_id,count(att.attention_id) followNum from attention att where att.is_enable='1'  GROUP BY att.leader_id) fo on fo.leader_id =li.leader_id -->
<!--      left join (select al.leader_id,count(ai.activity_id) leadNum from activity_leader_relation al LEFT JOIN activity_info ai on ai.activity_id = al.activity_id  -->
<!--      where  ai.a_status='3'  and ai.a_enable='1' and ai.is_delete='1' and ai.activity_status !='6' GROUP BY al.leader_id) ln on ln.leader_id =li.leader_id -->
<!--      left join leader_level lea on lea.level_id=li.level_id  -->
<!--      where  -->
<!--      li.leader_id=#{leaderId} -->
<!--      and li.l_enable='1'  -->
<!--      and li.is_delete='1' -->
<!--      and la.l_status='1' -->
<!--      and la.is_delete='1' -->

		SELECT
			li.leader_id,
			li.nick_name,
			li.head_img,
			li.leader_level,
			li.master_line,
			li.photo_wall,
			lea.ll_content,
			ui.personal_hobby AS personal_interests,
			ui.u_signature AS individuality_signature,
			li.l_professional,
			li.l_experience,
			li.l_sex
		FROM
			leader_info li
		JOIN leader_apply la ON li.leader_id = la.leader_id
		JOIN user_info ui ON ui.user_id = li.user_id
		LEFT JOIN leader_level lea ON lea.level_id = li.level_id
		WHERE
			li.leader_id=#{leaderId}
		AND li.l_enable = 1
		AND li.is_delete = 1
		AND la.l_status = 1
		AND la.is_delete = 1
    </select>

    
    <!-- 查询领队相册分页 -->
    <select id="queryLeaderPhotoList" resultType="com.infox.tourism.entity.vo.leaderInfoVO.LeaderPhotoAlbumVO">
     select  lp.album_id,lp.leader_id,lp.ppa_describe,lp.ppa_name,lp.ppa_url,
     date_format(lp.create_time, '%Y-%m-%d') create_time,
      date_format(lp.update_time, '%Y-%m-%d') update_time,
      (select count(p.photo_id) from photo p where p.album_id=lp.album_id and lp.is_delete='1') photoNum
     from personal_photo_album lp
     where 
     lp.leader_id=#{leaderId}
     and lp.is_delete='1'
    </select>
    
    <!-- 查询领队相册图片详情分页 -->
    <select id="queryLeaderPhotoDetailList" resultType="com.infox.tourism.entity.PhotoEntity">
     select  lp.album_id,lp.photo_id,lp.user_id,lp.p_url,lp.p_description,lp.update_by,
     date_format(lp.create_time, '%Y-%m-%d') create_time,
      date_format(lp.update_time, '%Y-%m-%d') update_time
     from photo lp
     where 
     lp.album_id=#{albumId}
     and lp.is_delete='1'
    </select>
    
    <!-- 查询领队评价分页 -->
    <select id="queryLeaderEvaluationList" resultType="com.infox.tourism.entity.vo.leaderInfoVO.leaderEvaVO">
     	SELECT
			ev.evaluation_id,
			ev.user_id,
			al.leader_id,
			ev.activity_id,
			ev.e_scontent,
			ev.evaluation_time,
			ev.leader_satisfaction,
			ev.e_anonymity,
			date_format(ev.create_time, '%Y-%m-%d') create_time,
			date_format(ai.outset_time, '%Y-%m-%d') outset_time,
			date_format(ai.return_time, '%Y-%m-%d') return_time,
			(
				to_days(ai.return_time) - to_days(ai.outset_time)
			) durationDay,
			ui.nick_name,
			ui.head_img,
			ai.activity_name,
			ld.duration_time
		FROM
			evaluation ev
		JOIN activity_leader_relation al ON al.activity_id = ev.activity_id
		LEFT JOIN user_info ui ON ui.user_id = ev.user_id
		LEFT JOIN activity_info ai ON ai.activity_id = ev.activity_id
		LEFT JOIN line li ON ai.activity_id = li.activity_id
		LEFT JOIN line_duration ld ON ld.line_duration_id = li.line_duration_id
		WHERE
			al.leader_id = #{leaderId}
		AND ev.is_delete = '1'
		AND ev.audit_status = 1
		ORDER BY
			ev.create_time DESC
    </select>
    
    <!-- 查询领队打赏分页 -->
    <select id="queryLeaderExReList" resultType="com.infox.tourism.entity.vo.leaderInfoVO.LeaderRecordVO">
     select  er.exceptional_record_id,er.leader_id,er.exceptional_people,er.er_url,
     date_format(er.exceptional_time, '%Y-%m-%d') exceptional_time, er.er_money,ui.nick_name,ui.head_img
     from exceptional_record er
      join user_info ui on ui.user_id=er.exceptional_people
     where 
     	er.leader_id=#{leaderId} 
   	and er.state=1
    	order by er.create_time desc
    </select>
    
    <!-- 使用openId查询领队信息 -->
    <select id="getByUserId" resultType="com.infox.tourism.entity.LeaderInfoEntity">
    	select  li.leader_id, li.nick_name
     	from leader_info li
		join leader_apply la on li.leader_id=la.leader_id
     	where li.user_id=#{userId} 
     	and (la.l_status=0 or la.l_status=1)
     	and li.is_delete = 1
    </select>
	
	<!-- 查询领队 -->
	<select id="findLeader" resultType="com.infox.tourism.entity.LeaderInfoEntity">
		SELECT
			a.*
		FROM
			leader_info a
		JOIN user_info b ON a.user_id = b.user_id
		JOIN leader_apply c ON a.leader_id = c.leader_id
		WHERE
			c.l_status = 1
	</select>

    <select id="queryLeaderByUserId" resultType="com.infox.tourism.entity.v2.leaderinfo.vo.LeaderVo">
    	SELECT
            a.*
        FROM
            activity_info a
            JOIN `activity_leader_relation` b ON a.activity_id = b.activity_id
            JOIN leader_info c ON b.leader_id = c.leader_id
            JOIN materials_apply d ON c.leader_id = d.leader_id
            JOIN line e ON e.line_id = a.line_id
        WHERE
            a.is_delete = 1
            AND a.a_status = 3
            AND a.activity_status != 4
            AND a.activity_status != 6
            AND a.activity_status != 7
            AND e.is_delete = 1
            AND c.user_id = #{userId}
    </select>
    
    <update id="updateLeaderEnableByUserId">
        update leader_info set l_enable = #{enable} WHERE user_id = #{userId}
    </update>
    
    <select id="selectExceptionalMoneyByUserId" resultType="integer">
	    SELECT SUM(a.er_money) from exceptional_record a
		JOIN leader_info b ON a.leader_id = b.leader_id
		WHERE b.user_id = #{userId}
    </select>

    <!--根据openid查询分销金额-->
    <select id="selectDistributionAmountByUserId" resultType="integer">
      SELECT
            sum( a.distribution_amount )
        FROM
            pedestrian_info a
            JOIN user_info b ON a.distribution_user_id = b.user_id
            JOIN leader_info c ON c.user_id = b.user_id
            JOIN order_info d ON d.order_id = a.order_id
            JOIN activity_info e ON e.activity_id = a.activity_id
        WHERE
            c.user_id = #{userId}
            AND d.pay_status = 1
            AND NOW() > e.return_time
    </select>
    
    <!-- 更新领队头像 -->
    <update id="updateLeaderHeadimg">
    	update leader_info set nick_name=#{nickName}, head_img=#{headImg}, update_time=now() 
    	where user_id=#{userId}
    </update>
    
    <!-- 查询领队评分 -->
    <select id="queryLeaderScoreByLeaderId" resultType="com.infox.tourism.entity.v2.leader.LeaderScoreVo">
    	<!-- 评分默认给5星 -->
    	SELECT
			count(e.evaluation_id) evaluationNum,
			IFNULL(AVG(e.traffic_satisfaction), 5) traffic_satisfaction,
			IFNULL(AVG(e.leader_satisfaction), 5) leader_satisfaction,
			IFNULL(AVG(e.line_satisfaction), 5) line_satisfaction
		FROM
			evaluation e
		WHERE
			e.leader_id = #{leaderId}
    </select>

	<!-- 查询领队带队次数 -->
	<select id="queryLeaderNumByLeaderId" resultType="int">
		select count(1) from activity_leader_relation 
		where leader_id=#{leaderId}
	</select>
	
	<!-- 查询领队被关注数 -->
	<select id="queryFollowNumByLeaderId" resultType="int">
		SELECT count(1) from attention 
		where leader_id=#{leaderId} and is_enable=1
	</select>
</mapper>