<?xml version="1.0" encoding="UTF-8"?>
<!DOCTYPE mapper PUBLIC "-//mybatis.org//DTD Mapper 3.0//EN" "http://mybatis.org/dtd/mybatis-3-mapper.dtd">

<mapper namespace="com.infox.tourism.dao.LineThemeDao">

	<!-- 可根据自己的需求，是否要使用 -->
    <resultMap type="com.infox.tourism.entity.LineThemeEntity" id="lineThemeMap">
        <result property="id" column="id"/>
        <result property="lineThemeId" column="line_theme_id"/>
        <!--<result property="lineId" column="line_id"/>-->
        <result property="themeName" column="theme_name"/>
        <result property="ltSorting" column="lt_sorting"/>
        <result property="ltShow" column="lt_show"/>
        <result property="ltEnable" column="lt_enable"/>
        <result property="isDelete" column="is_delete"/>
        <result property="ltUrl" column="lt_url"/>
        <result property="ltAbstract" column="lt_abstract"/>
        <result property="createTime" column="create_time"/>
        <result property="createBy" column="create_by"/>
        <result property="updateTime" column="update_time"/>
        <result property="updateBy" column="update_by"/>
    </resultMap>


    <select id="selectAllLineTheme" resultType="com.infox.tourism.entity.vo.lineVO.LineThemeVO">
        select line_theme_id,theme_name as line_theme_name,lt_url as line_theme_icon,
        lt_sorting as sorting from line_theme where lt_enable = 1 and is_delete = 1 and (is_special is null or is_special != 1) order by lt_sorting ASC
    </select>

    <select id="selectTopOne" resultType="com.infox.tourism.entity.vo.lineVO.LineThemeVO">
        select line_theme_id,theme_name as line_theme_name,lt_url as line_theme_icon,
        lt_sorting as sorting from line_theme where lt_show = 1 and lt_enable = 1 and is_delete = 1  order by lt_sorting ASC limit 1
    </select>

	<select id="selectTop3" resultType="com.infox.tourism.entity.vo.lineVO.LineThemeVO">
        SELECT
			line_theme_id,
			theme_name AS line_theme_name,
			lt_url AS line_theme_icon,
			lt_sorting AS sorting,
			is_special,
			special_identity
		FROM
			line_theme
		WHERE
			lt_show = 1
		AND lt_enable = 1
		AND is_delete = 1
		ORDER BY
			lt_sorting ASC
		LIMIT 3
    </select>
    
    <select id="selectTop8" resultType="com.infox.tourism.entity.vo.lineVO.LineThemeVO">
        SELECT
			line_theme_id,
			theme_name AS line_theme_name,
			lt_url AS line_theme_icon,
			lt_sorting AS sorting,
			is_special,
			special_identity
		FROM
			line_theme
		WHERE
			lt_show = 1
		AND lt_enable = 1
		AND is_delete = 1
		AND is_special != 1
		ORDER BY
			lt_sorting ASC
		LIMIT 2, 9
    </select>
</mapper>