<?xml version="1.0" encoding="UTF-8"?>
<!DOCTYPE mapper PUBLIC "-//mybatis.org//DTD Mapper 3.0//EN" "http://mybatis.org/dtd/mybatis-3-mapper.dtd">

<mapper namespace="com.infox.tourism.dao.LineTypeDao">

	<!-- 可根据自己的需求，是否要使用 -->
    <resultMap type="com.infox.tourism.entity.LineTypeEntity" id="lineTypeMap">
        <result property="id" column="id"/>
        <result property="lineTypeId" column="line_type_id"/>
        <!--<result property="lineId" column="line_id"/>-->
        <result property="typeName" column="type_name"/>
        <result property="ltEnable" column="lt_enable"/>
        <result property="isDelete" column="is_delete"/>
        <result property="ltShow" column="lt_show"/>
        <result property="ltSorting" column="lt_sorting"/>
        <result property="createTime" column="create_time"/>
        <result property="createBy" column="create_by"/>
        <result property="updateTime" column="update_time"/>
        <result property="updateBy" column="update_by"/>
    </resultMap>

    <!-- 查询分页 -->
    <select id="queryPage" resultType="com.infox.tourism.entity.LineTypeEntity">
        SELECT * FROM line_type WHERE is_delete = '1'ORDER BY create_time DESC
    </select>

    <!-- 查询分页 -->
    <select id="selectBySorting" resultType="com.infox.tourism.entity.LineTypeEntity">
        SELECT * FROM line_type WHERE is_delete = '1'AND lt_sorting = #{ltSorting} ORDER BY create_time DESC
    </select>

    <!-- 根据id查询 -->
    <select id="selectById" resultType="com.infox.tourism.entity.LineTypeEntity">
        SELECT * FROM line_type WHERE line_type_id = #{lineTypeId} AND is_delete = '1' ORDER BY create_time
    </select>

    <!--根据id修改-->
    <update id="updateById" parameterType="com.infox.tourism.entity.LineTypeEntity">
        update line_type set
        type_name = #{typeName},
        lt_enable = #{ltEnable},
        lt_show = #{ltShow},
        lt_sorting = #{ltSorting},
        update_by = #{updateBy},
        update_time = #{updateTime}
        where
        line_type_id = #{lineTypeId}
    </update>

    <!--删除全部-->
    <update id="deleteList" parameterType="com.infox.tourism.entity.LineTypeEntity">
        update line_type set
        is_delete = #{isDelete}
        where
        line_type_id = #{lineTypeId}
    </update>

    <!--下拉框线路类型-->
    <select id="lineTypeDropDownBox" resultType="com.infox.tourism.entity.LineTypeEntity">
        SELECT line_type_id,type_name FROM line_type
        WHERE lt_enable = '1' AND is_delete = '1'
    </select>

    <select id="selectAllLineType"  resultType="com.infox.tourism.entity.vo.lineVO.LineTypeVO">
        SELECT
			*
		FROM
			line_type
		WHERE
			is_delete = 1
<!-- 		AND lt_show = 1 -->
		AND lt_enable = 1
        AND lt_show = 1
		ORDER BY
			lt_sorting ASC
    </select>

    <select id="selectTop3LineType"  resultType="com.infox.tourism.entity.vo.lineVO.LineTypeVO">
        SELECT
			*
		FROM
			line_type
		WHERE
			is_delete = 1
		AND lt_show = 1
		AND lt_enable = 1
		ORDER BY
			lt_sorting ASC
		LIMIT 4
    </select>
</mapper>