<?xml version="1.0" encoding="UTF-8"?>
<!DOCTYPE mapper PUBLIC "-//mybatis.org//DTD Mapper 3.0//EN" "http://mybatis.org/dtd/mybatis-3-mapper.dtd">

<mapper namespace="com.infox.tourism.dao.LineLevelDao">

	<!-- 可根据自己的需求，是否要使用 -->
    <resultMap type="com.infox.tourism.entity.LineLevelEntity" id="lineLevelMap">
        <result property="id" column="id"/>
        <result property="lineLevelId" column="line_level_id"/>
        <!--<result property="lineId" column="line_id"/>-->
        <result property="isDelete" column="is_delete"/>
        <result property="llLevel" column="ll_level"/>
        <result property="llContent" column="ll_content"/>
        <result property="llEnable" column="ll_enable"/>
        <result property="createTime" column="create_time"/>
        <result property="createBy" column="create_by"/>
        <result property="updateTime" column="update_time"/>
        <result property="updateBy" column="update_by"/>
    </resultMap>
    
    <select id="selectTop5LineLevel" resultType="com.infox.tourism.entity.vo.lineVO.LineLevelVO">
        SELECT
			line_level_id,
			ll_level,
			ll_icon
		FROM
			line_level
		WHERE
			is_delete != 0
		ORDER BY
			ll_level
		LIMIT 5
    </select>


</mapper>