<?xml version="1.0" encoding="UTF-8"?>
<!DOCTYPE mapper PUBLIC "-//mybatis.org//DTD Mapper 3.0//EN" "http://mybatis.org/dtd/mybatis-3-mapper.dtd">

<mapper namespace="com.infox.tourism.dao.LineDurationDao">

	<!-- 可根据自己的需求，是否要使用 -->
    <resultMap type="com.infox.tourism.entity.LineDurationEntity" id="lineDurationMap">
        <result property="id" column="id"/>
        <result property="lineDurationId" column="line_duration_id"/>
        <!--<result property="lineId" column="line_id"/>-->
        <result property="isDelete" column="is_delete"/>
        <result property="durationTime" column="duration_time"/>
        <result property="ldEnable" column="ld_enable"/>
        <result property="createTime" column="create_time"/>
        <result property="createBy" column="create_by"/>
        <result property="updateTime" column="update_time"/>
        <result property="updateBy" column="update_by"/>
    </resultMap>
    
    <select id="selectTop6LineDuration" resultType="com.infox.tourism.entity.vo.lineVO.LineDurationVO">
        select line_duration_id,duration_time,url from line_duration order by duration_time limit 6
    </select>

    <!-- 根据时长查询 -->
    <select id="selectByDuration" resultType="com.infox.tourism.entity.LineDurationEntity">
        SELECT line_duration_id,duration_time FROM line_duration WHERE duration_time = #{durationTime} and is_delete = '1'ORDER BY create_time DESC
    </select>

</mapper>