<?xml version="1.0" encoding="UTF-8"?>
<!DOCTYPE mapper PUBLIC "-//mybatis.org//DTD Mapper 3.0//EN" "http://mybatis.org/dtd/mybatis-3-mapper.dtd">

<mapper namespace="com.infox.tourism.dao.LineDao">



    <select id="selectLineActivityByLineId" resultType="com.infox.tourism.entity.vo.lineVO.LineDetailVO">
        select * from vi_line_base where line_id = #{lineId}
    </select>

    <!--根据线路Id查询线路封面图-->
    <select id="selectCoverImgByLineId" resultType="Map">
        select line_id,l_url from line where line_id = #{lineId}
    </select>

    <select id="selectImgCountByLineId" resultType="Integer">
        select count(1) from activity_info  a
        inner join activity_cover b on a.activity_id = b.activity_id
        where line_id= #{lineId}
        order by a.activity_id
    </select>

    <select id="selectImgListByLineId" resultType="String">
        select b.img_url from activity_info  a
        inner join activity_cover b on a.activity_id = b.activity_id
        where line_id= #{lineId}
        order by a.activity_id
    </select>

	<!-- 查询所有线路的时长 -->
	<select id="selectAllLineDurationTime" resultType="com.infox.tourism.entity.vo.lineVO.LineDurationCache">
		SELECT
			a.line_id,
			b.duration_time
		FROM
			line a
		JOIN line_duration b ON a.line_duration_id = b.line_duration_id
	</select>
	
	<select id="queryAgeLimitByLineId" resultType="string">
		SELECT
			a.dic_name
		FROM
			data_dic a
		JOIN line line ON a.dic_type = line.l_age
		WHERE
			line.line_id = #{lineId}
		AND a.dic_value = 'AGE_3'
		AND a.is_delete = 1
	</select>
	
	<!-- 查询推荐线路 -->
	<select id="selectRecommendLine" resultType="com.infox.tourism.entity.vo.lineVO.LineVo">
		<!-- SELECT
			a.line_id,
			a.company_id,
			a.line_name,
			c.duration_time,
			b.recommend_level,
			a.l_url,
			a.display_url,
			a.url
		FROM
			line a
		JOIN line_recommend_level b ON a.line_recommend_level_id = b.line_recommend_level_id
		JOIN line_duration c ON a.line_duration_id = c.line_duration_id
		order by b.recommend_level DESC -->
		
		SELECT
			a.line_id,
			a.company_id,
			a.line_name,
			a.been_people_num,
			c.duration_time,
			b.recommend_level,
			a.l_url,
			a.display_url,
			a.url
		FROM
			line a
		JOIN line_recommend_level b ON a.line_recommend_level_id = b.line_recommend_level_id
		JOIN line_duration c ON a.line_duration_id = c.line_duration_id
		WHERE
			a.company_id=#{companyId}
		AND	(
				SELECT
					count(1)
				FROM
					activity_info x
				WHERE
					x.a_status = 3
				AND x.line_id = a.line_id
				AND x.company_id = a.company_id
				AND (x.activity_status = 1 or x.activity_status = 2 or x.activity_status = 3 or x.activity_status = 5)
				AND x.is_delete != 0
			) > 0
		ORDER BY
			b.recommend_level DESC
	</select>
	
	<!-- 查询线路 -->
	<select id="getByLineId" resultType="com.infox.tourism.entity.LineEntity">
		select a.line_id, a.company_id from line a where a.line_id=#{lineId}
	</select>
</mapper>