<?xml version="1.0" encoding="UTF-8"?>
<!DOCTYPE mapper PUBLIC "-//mybatis.org//DTD Mapper 3.0//EN" "http://mybatis.org/dtd/mybatis-3-mapper.dtd">

<mapper namespace="com.infox.tourism.dao.LocationDao">

	<!-- 可根据自己的需求，是否要使用 -->
    <resultMap type="com.infox.tourism.entity.SbLocationEntity" id="sbLocationMap">
        <result property="id" column="id"/>
        <result property="label" column="label"/>
        <result property="value" column="value"/>
        <result property="serial" column="serial"/>
        <result property="sort" column="sort"/>
        <result property="parentId" column="parent_id"/>
        <result property="namecode" column="namecode"/>
        <result property="longitude" column="longitude"/>
        <result property="latitude" column="latitude"/>
    </resultMap>

    <!--根据id查询-->
    <select id="selectById" resultType="com.infox.tourism.entity.SbLocationEntity">
        SELECT id,sb_location_id, label,`value`,serial,parent_id FROM sb_location WHERE id = #{id}
    </select>

    <select id="selectByValueForWeChat" resultType="com.infox.tourism.entity.SbLocationEntity">
        select id,label,sb_location_id,`value`,serial,parent_id from sb_location where value = #{adcode}
    </select>

    <select id="selectCoverCity" resultType="com.infox.tourism.entity.vo.locationVO.SBLocationVO">
        SELECT id,sb_location_id,label,`value`,serial,parent_id,if(sb_location_id=#{selectCoverCity},'1','0') as is_select FROM sb_location WHERE sb_location_id in(select distinct sb_location_id from activity_covered_city)
    </select>

</mapper>