<?xml version="1.0" encoding="UTF-8"?>
<!DOCTYPE mapper PUBLIC "-//mybatis.org//DTD Mapper 3.0//EN" "http://mybatis.org/dtd/mybatis-3-mapper.dtd">

<mapper namespace="com.infox.tourism.dao.MessagePushDao">

	<!-- 可根据自己的需求，是否要使用 -->
    <resultMap type="com.infox.tourism.entity.MessagePushEntity" id="messagePushMap">
        <result property="id" column="id"/>
        <result property="messagePushId" column="message_push_id"/>
        <result property="activityId" column="activity_id"/>
        <result property="mpTitle" column="mp_title"/>
        <result property="mpContent" column="mp_content"/>
        <result property="mpAuthor" column="mp_author"/>
        <result property="mpStatus" column="mp_status"/>
        <result property="mpUrl" column="mp_url"/>
        <result property="releaseTime" column="release_time"/>
        <result property="releaseBy" column="release_by"/>
        <result property="updateTime" column="update_time"/>
        <result property="updateBy" column="update_by"/>
        <result property="mpEnable" column="mp_enable"/>
        <result property="postTime" column="post_time"/>
        <result property="leaderInformationId" column="leader_information_id"/>
        <result property="postStatus" column="post_status"/>
    </resultMap>

    <!-- 查询分页 -->
    <select id="queryPage" resultType="com.infox.tourism.entity.MessagePushEntity">
        SELECT * FROM message_push
    </select>


</mapper>