<?xml version="1.0" encoding="UTF-8"?>
<!DOCTYPE mapper PUBLIC "-//mybatis.org//DTD Mapper 3.0//EN" "http://mybatis.org/dtd/mybatis-3-mapper.dtd">

<mapper namespace="com.infox.tourism.dao.MessageDao">

	<!-- 可根据自己的需求，是否要使用 -->
    <resultMap type="com.infox.tourism.entity.MessagePushEntity" id="messagePushMap">
        <result property="id" column="id"/>
        <result property="messagePushId" column="message_push_id"/>
        <result property="activityId" column="activity_id"/>
        <result property="mpTitle" column="mp_title"/>
        <result property="mpContent" column="mp_content"/>
        <result property="mpAuthor" column="mp_author"/>
        <result property="mpStatus" column="mp_status"/>
        <result property="mpUrl" column="mp_url"/>
        <result property="releaseTime" column="release_time"/>
        <result property="releaseBy" column="release_by"/>
        <result property="updateTime" column="update_time"/>
        <result property="updateBy" column="update_by"/>
        <result property="mpEnable" column="mp_enable"/>
        <result property="postTime" column="post_time"/>
        <result property="leaderInformationId" column="leader_information_id"/>
        <result property="postStatus" column="post_status"/>
        <result property="isDelete" column="is_delete"/>
        <result property="createBy" column="create_by"/>
        <result property="createTime" column="create_time"/>
    </resultMap>

    <!--暴走快讯-->
    <select id="selectListForWeChat" resultType="com.infox.tourism.entity.vo.indexVO.MessagePushIndexVO">
        select message_push_id,activity_id,mp_title,mp_url,release_time from message_push where mp_status = 1
        and is_delete = 1 and post_status = 1 and mp_enable = 1
        order by release_time desc limit 0,10
    </select>

    <select id="selectByUserId" resultType="com.infox.tourism.entity.vo.MessageVO.MessageVO">
        select * FROM message_push
        <where>
            <if test="search != null and search != ''">
                mp_title like concat('%',#{search},'%')
            </if>
            <if test="time != null and time != ''">
                release_time like concat('%',#{time},'%') AND
            </if>
            AND user_id = #{userId}
            AND (mp_status = '3' or mp_status = '2')
            ORDER BY create_time desc
        </where>
    </select>
</mapper>