<?xml version="1.0" encoding="UTF-8"?>
<!DOCTYPE mapper PUBLIC "-//mybatis.org//DTD Mapper 3.0//EN" "http://mybatis.org/dtd/mybatis-3-mapper.dtd">

<mapper namespace="com.infox.tourism.dao.NumIntegralDao">

	<!-- 可根据自己的需求，是否要使用 -->
    <resultMap type="com.infox.tourism.entity.NumIntegralEntity" id="numIntegralMap">
        <result property="id" column="id"/>
        <result property="numIntegralId" column="num_integral_id"/>
        <result property="userId" column="user_id"/>
        <result property="createTime" column="create_time"/>
        <result property="numIntegral" column="num_integral"/>
        <result property="usableRecord" column="usable_record"/>
        <result property="createBy" column="create_by"/>
        <result property="updateTime" column="update_time"/>
        <result property="updateBy" column="update_by"/>
    </resultMap>

	<select id="queryByUserId" resultType="com.infox.tourism.entity.NumIntegralEntity">
		select id,num_integral_id,user_id,num_integral,usable_record from num_integral where user_id=#{userId}
	</select>
	
	<select id="updateUserPoint">
		update num_integral 
		set 
			num_integral=#{numIntegral}, 
			usable_record=#{usableRecord} 
		where num_integral_id=#{numIntegralId}
	</select>

    <!--根据用户id更新积分-->
    <update id="updateNumIntegralByUserId">
        UPDATE num_integral set num_integral = #{numIntegral} WHERE user_id = #{userId}
    </update>
	
	
	
</mapper>