<?xml version="1.0" encoding="UTF-8"?>
<!DOCTYPE mapper PUBLIC "-//mybatis.org//DTD Mapper 3.0//EN" "http://mybatis.org/dtd/mybatis-3-mapper.dtd">

<mapper namespace="com.infox.tourism.dao.OrderInfoDao">

    <!-- 可根据自己的需求，是否要使用 -->
    <resultMap type="com.infox.tourism.entity.OrderInfoEntity" id="orderInfoMap">
        <result property="id" column="id"/>
        <result property="orderId" column="order_id"/>
        <result property="companyId" column="company_id"/>
        <result property="userId" column="user_id"/>
        <result property="invoiceId" column="invoice_id"/>
        <result property="activityId" column="activity_id"/>
        <result property="productId" column="product_id"/>
        <result property="vouchersId" column="vouchers_id"/>
        <result property="oNumber" column="o_number"/>
        <result property="oMoney" column="o_money"/>
        <result property="orderStatus" column="order_status"/>
        <result property="evaluateState" column="evaluate_state"/>
        <result property="insuranceState" column="insurance_state"/>
        <result property="payStatus" column="pay_status"/>
        <result property="oNote" column="o_note"/>
        <result property="paymentType" column="payment_type"/>
        <result property="serialNumber" column="serial_number"/>
        <result property="contactPeople" column="contact_people"/>
        <result property="contactPhone" column="contact_phone"/>
        <result property="actualPaymentAmount" column="actual_payment_amount"/>
        <result property="discountAmount" column="discount_amount"/>
        <result property="paymentTime" column="payment_time"/>
        <result property="placeOrderTime" column="place_order_time"/>
        <result property="createTime" column="create_time"/>
        <result property="createBy" column="create_by"/>
        <result property="updateTime" column="update_time"/>
        <result property="updateBy" column="update_by"/>
        <result property="oEmploy" column="o_employ"/>
        <result property="buyStatus" column="buy_status"/>
    </resultMap>

    <!-- 查询有申请退款的订单ID -->
    <select id="queryOrderIdOfHasRefund" resultType="string">
    	SELECT DISTINCT
			order_id
		FROM
			pedestrian_info a
		WHERE
			a.pedestrian_status = 4
		order by a.create_time desc
    </select>

    <!-- 查询订单信息(退款列表) -->
    <select id="selectInOrderId" resultType="com.infox.tourism.entity.vo.OrderVO.OrderVO">
        select
        a.o_number, a.o_money, a.create_time, a.order_status, c.activity_name, b.nick_name,
        (select count(1) from pedestrian_info where order_id=a.order_id and pedestrian_status=4) as pedestrian_info_sum
        from order_info a
        join user_info b on a.user_id=b.user_id
        join activity_info c on c.activity_id=a.activity_id
        WHERE order_id in
        <foreach collection="orderIds" item="id" open="(" close=")" separator=",">
            #{id}
        </foreach>
    </select>

    <update id="updateEvaluationStatusByOrderId">
        update order_info set evaluate_state = 1 WHERE order_id = #{orderId}
    </update>

    <!-- 仅修改更新时间, 方便排序 -->
    <update id="setUpdateTime">
    	update order_info set update_time = now() WHERE order_id = #{orderId}
    </update>

    <!-- 根据openId
      根据支付状态查询 -->
    <select id="selectByUserIdAndPayStatus" resultType="com.infox.tourism.entity.vo.OrderVO.OrderVO">
                 SELECT
                        oi.order_id,
                        oi.order_status,
                        oi.o_money,
                        oi.pay_status,
                        oi.evaluate_state,
                        oi.order_type,
                        oi.single_status,
                        oi.refund_amount,
                        ai.activity_id,
                        ai.activity_name,
                        ai.cover_id,
                        ai.outset_time,
                        ai.activity_status,
                        ai.meeting_place,
                        ai.type_dic_id,
                        ld.duration_time
                    FROM
                    	order_info oi
                        JOIN activity_info ai ON oi.activity_id = ai.activity_id
                        JOIN line l ON l.line_id = ai.line_id
                        JOIN line_duration ld ON l.line_duration_id = ld.line_duration_id
                    WHERE
                        oi.user_id = #{userId}
                        AND oi.order_status = 0
                        AND oi.pay_status = #{payStatus}
                        AND l.is_delete = 1
                        AND ld.is_delete = 1
                        AND oi.o_type = 1
                        AND oi.is_delete =1
                        AND ai.activity_status != 4
                    ORDER BY oi.create_time DESC
    </select>

    <select id="getByOrder" resultType="com.infox.tourism.entity.vo.OrderVO.OrderVO">
        SELECT
        oi.order_id,
        oi.order_status,
        oi.o_money,
        oi.pay_status,
        oi.evaluate_state,
        oi.order_type,
        oi.single_status,
        ai.activity_id,
        ai.activity_name,
        ai.cover_id,
        ai.outset_time,
        ai.activity_status,
        ai.meeting_place,
        ai.type_dic_id,
        ld.duration_time
        FROM
        order_info oi
        JOIN activity_info ai ON oi.activity_id = ai.activity_id
        JOIN line l ON l.line_id = ai.line_id
        JOIN line_duration ld ON l.line_duration_id = ld.line_duration_id
        WHERE
        oi.user_id = #{userId}
        AND oi.order_status = 0
        AND l.is_delete = 1
        AND ld.is_delete = 1
        AND oi.o_type = 1
        OR oi.pay_status = -1
        ORDER BY oi.create_time DESC
    </select>

    <!-- 根据openId
     根据支付状态查询 -->
    <select id="selectByUserIdOrPayStatus" resultType="com.infox.tourism.entity.vo.OrderVO.OrderVO">
        SELECT
        oi.order_id,
        oi.order_status,
        oi.o_money,
        oi.pay_status,
        oi.evaluate_state,
        oi.order_type,
        oi.refund_amount,
        oi.single_status,
        ai.activity_id,
        ai.activity_name,
        ai.cover_id,
        ai.outset_time,
        ai.activity_status,
        ai.type_dic_id,
        ai.meeting_place,
        ld.duration_time
        FROM
        order_info oi
        JOIN activity_info ai ON oi.activity_id = ai.activity_id
        JOIN line l ON l.line_id = ai.line_id
        JOIN line_duration ld ON l.line_duration_id = ld.line_duration_id
        WHERE
        oi.user_id = #{userId}
        AND oi.o_type = 1
        AND oi.is_delete=1
        <!-- (0:新订单  1:取消订单 2:退款申请 3:退款失败 4:退款成功 5:已改期) -->
        <!--  or oi.order_status=5 -->
        AND (oi.order_status=1 or oi.order_status=4)
        ORDER BY oi.place_order_time DESC
    </select>


    <select id="selectByUserIdAndActivityStatus" resultType="com.infox.tourism.entity.vo.OrderVO.OrderVO">
        SELECT
        oi.order_id,
        oi.order_status,
        oi.o_money,
        oi.pay_status,
        oi.evaluate_state,
        oi.order_type,
        oi.single_status,
        oi.refund_amount,
        ai.activity_id,
        ai.activity_name,
        ai.cover_id,
        ai.outset_time,
        ai.activity_status,
        ai.meeting_place,
        ai.type_dic_id,
        ld.duration_time
        FROM
        	order_info oi
        JOIN activity_info ai ON oi.activity_id = ai.activity_id
        JOIN line l ON l.line_id = ai.line_id
        JOIN line_duration ld ON l.line_duration_id = ld.line_duration_id
        WHERE
        	oi.user_id=#{userId}
        AND oi.order_status = 0
        AND oi.pay_status = 1
        AND ai.activity_status = 4
        AND l.is_delete = 1
        AND ld.is_delete = 1
        ORDER BY oi.place_order_time DESC
    </select>

    <!--取消订单  0，新订单  1  取消订单  2  订单审核-->
    <update id="updateByOrderIdAndOrderStatus">
        UPDATE order_info
        SET order_status = #{orderStatus}
        WHERE
            order_id = #{orderId}
    </update>

    <!-- 	(1:拼单中,2:拼单成功,3:拼单失败) -->
    <update id="updateSingleStatus">
		UPDATE order_info
        SET single_status = #{singleStatus}
        WHERE
            order_id = #{orderId}
	</update>

    <!--根据订单id查询信息-->
    <select id="selectByOrderId" resultType="com.infox.tourism.entity.vo.OrderVO.OrderVO">
        SELECT
        *
        FROM
        user_info ui
        JOIN order_info oi ON ui.user_id = oi.user_id
        JOIN activity_info ai ON oi.activity_id = ai.activity_id
        JOIN line l ON l.line_id = ai.line_id
        JOIN line_duration ld ON l.line_duration_id = ld.line_duration_id
        WHERE
        oi.order_id = #{orderId}
        AND oi.order_status = '0'
        AND l.is_delete = '1'
        AND ld.is_delete = '1'
    </select>

    <select id="selectByActivityId" resultType="com.infox.tourism.entity.ActivityLeaderRelation">
        SELECT a.*, b.nick_name as leader_nick_name, b.head_img as leader_head_img
         FROM activity_leader_relation a
         join leader_info b on a.leader_id=b.leader_id
         WHERE  activity_id = #{activityId}
    </select>

    <!--设置订单交易流水号-->
    <update id="updateOrderTrxid">
        UPDATE order_info
        SET trxid = #{trxid}
        WHERE
            order_id = #{orderId}
    </update>

    <!-- 修改订单状态 -->
    <update id="updatePayStatus">
        UPDATE order_info
        SET pay_status=#{payStatus} , is_delete=1, create_time=NOW(), place_order_time=NOW(),payment_time=NOW()
        WHERE
            trxid = #{trxid}
    </update>

    <!-- 使用orderId查询订单 -->
    <select id="getByOrderId" resultMap="orderInfoMap">
        SELECT * FROM order_info 
        where order_id = #{orderId}
    </select>

    <!-- 使用trxid查询订单 -->
    <select id="getByTrxid" resultMap="orderInfoMap">
        SELECT * FROM order_info 
        where trxid = #{trxid}
    </select>

    <!--申请退团-->
    <!--查询活动出发时候大于现在时间-->
    <select id="applyRetreat" resultType="com.infox.tourism.entity.vo.OrderVO.OrderVO">
        SELECT
            *
        FROM
            order_info oi
            LEFT JOIN activity_info ai ON oi.activity_id = ai.activity_id
        WHERE
            TO_DAYS( ai.outset_time ) &gt;= TO_DAYS( NOW( ) )
            AND oi.order_id = #{orderId}
            AND ai.is_delete = '1'
    </select>

    <update id="updateByOrderIdAndPayStatus">
        UPDATE order_info
        SET pay_status = #{payStatus}
        WHERE
        order_id = #{orderId}
    </update>

    <select id="findByUserAndActivityId" resultType="com.infox.tourism.entity.OrderInfoEntity">
        SELECT * from order_info a where a.user_id=#{userId} and a.activity_id=#{activityId}
    </select>


    <update id="updateOrderStatusByOrderId">
        UPDATE order_info
        SET is_delete = #{deleteStatus}
        WHERE
        order_id = #{orderId}
    </update>

    <!--根据订单id更新订单评价状态-->
    <update id="updateByActivityId">
        UPDATE order_info
        SET evaluate_state = #{evaluateState}
        WHERE
        order_id = #{orderId}
    </update>

    <!-- 使用订单号查询 -->
    <!--     (0:新订单  1:取消订单 2:退款申请 3:退款失败 4:退款成功 5:已改期) -->
    <select id="getByOrderNumber" resultType="com.infox.tourism.entity.OrderInfoEntity">
    	SELECT * from order_info a 
    	where 
    		a.o_number=#{orderNumber} 
    	and order_status!=4
    	and order_status!=5
    </select>

    <select id="queryPedestrianNumByLineId" resultType="java.lang.Integer">
    	SELECT
			count(c.pedestrian_id)
		FROM
			order_info a
		JOIN activity_info b ON a.activity_id = b.activity_id
		JOIN pedestrian_info c ON a.order_id = c.order_id
		WHERE
			b.line_id = #{lineId}
		AND a.pay_status = 1
		AND c.pedestrian_status = 1
    </select>

    <!-- 查询当前活动未支付订单 -->
    <select id="getNonpaymentOrderByActivityId" resultType="com.infox.tourism.entity.OrderInfoEntity">
    	select order_id, user_id, activity_id
    	from order_info
    	where 
    		pay_status=0 
    	and activity_id=#{activityId} 
    	and user_id=#{userId}
    	AND is_delete = 1
    	ORDER BY create_time DESC
    	limit 1
    </select>

    <!-- 删除未支付订单 -->
    <update id="deleteNonpaymentOrderByActivityId">
    	update order_info set is_delete = 0
    	where 
    		pay_status=0 
    	and activity_id=#{activityId} 
    	and user_id=#{userId}
    </update>

    <!-- 删除当前活动未支付订单过滤指定订单ID -->
    <update id="deleteNonpaymentOrderByActivityIdAndOrderId">
    	update order_info set is_delete = 0
    	where
    		pay_status=0
    	and activity_id=#{activityId}
    	and user_id=#{userId} AND order_id != #{orderId}
    </update>

</mapper>