<?xml version="1.0" encoding="UTF-8"?>
<!DOCTYPE mapper PUBLIC "-//mybatis.org//DTD Mapper 3.0//EN" "http://mybatis.org/dtd/mybatis-3-mapper.dtd">

<mapper namespace="com.infox.tourism.dao.PayHistoryDao">
	<resultMap id="BaseResultMap" type="com.infox.tourism.entity.PayHistoryEntity">
		<id column="pay_his_id" property="payHisId" />
		<result column="pay_time" property="payTime" />
		<result column="trxid" property="trxid" />
		<result column="order_type" property="orderType" />
		<result column="create_time" property="createTime" />
		<result column="create_by" property="createBy" />
		<result column="update_time" property="updateTime" />
		<result column="update_by" property="updateBy" />
	</resultMap>

	<select id="getByTrxid" resultType="com.infox.tourism.entity.PayHistoryEntity">
        SELECT * FROM pay_history 
        where trxid = #{trxid}
    </select>
    
</mapper>