<?xml version="1.0" encoding="UTF-8"?>
<!DOCTYPE mapper PUBLIC "-//mybatis.org//DTD Mapper 3.0//EN" "http://mybatis.org/dtd/mybatis-3-mapper.dtd">

<mapper namespace="com.infox.tourism.dao.PedestrianInfoDao">

	<!-- 可根据自己的需求，是否要使用 -->
    <resultMap type="com.infox.tourism.entity.PedestrianInfoEntity" id="pedestrianInfoMap">
        <result property="id" column="id"/>
        <result property="pedestrianId" column="pedestrian_id"/>
        <result property="activityId" column="activity_id"/>
        <result property="orderId" column="order_id"/>
        <result property="productId" column="product_id"/>
        <result property="contactPhone" column="contact_phone"/>
        <result property="contactPeople" column="contact_people"/>
        <result property="pIdentity" column="p_identity"/>
        <result property="pAge" column="p_age"/>
        <result property="pProduct" column="p_product"/>
        <result property="createBy" column="create_by"/>
        <result property="createTime" column="create_time"/>
        <result property="updateBy" column="update_by"/>
        <result property="updateTime" column="update_time"/>
    </resultMap>

    <!-- 查询活动总人数 -->
	<!-- (0:新订单  1:取消订单 2:退款申请 3:退款失败 4:退款成功 5:已改期) -->
	<!-- pedestrian_status: 1:正常,2:改期,3:退款 -->
    <select id="getCountByActivityId" resultType="int">
        SELECT count(1) FROM  pedestrian_info pi
		join order_info oi on pi.order_id=oi.order_id
		WHERE 
		pi.activity_id = #{activityId}
		and pi.is_delete=1 
		and oi.order_status!=1 
		and oi.order_status!=4 
		and oi.order_status!=5
		and pi.pedestrian_status=1
    </select>
    
    <select id="getTotalCountByOrderId" resultType="int">
        SELECT count(1) 
        FROM  pedestrian_info pi
		WHERE pi.order_id = #{orderId}
    </select>
    
    <!-- 查询订单下的出行人数量 -->
    <!-- (0:新订单  1:取消订单 2:退款申请 3:退款失败 4:退款成功 5:已改期) -->
    <!-- pedestrian_status: 1:正常,2:改期,3:退款 -->
    <select id="getCountByOrderId" resultType="int">
         SELECT COUNT(b.id) FROM order_info a
		 JOIN pedestrian_info b ON a.order_id=b.order_id
		 WHERE a.order_id = #{orderId} and a.is_delete!=0
		 and a.order_status!=1 
		 and a.order_status!=4 
		 and a.order_status!=5
		 and b.pedestrian_status=1
		 and b.is_delete=1
    </select>
    
    <!-- 查询虚假出行人数量 -->
    <select id="getShamCountByActivityId" resultType="int">
        SELECT COUNT(b.id) FROM 
		order_info a 
		JOIN pedestrian_info b ON a.order_id=b.order_id
		WHERE 
			a.activity_id=#{activityId} 
			AND a.o_type!=1 
			and b.is_delete!=0
			<!-- -98 领队 -->
			and a.pay_status != -98
    </select>
    
    <!-- 查询指定活动指定数量的虚假会员 -->
    <select id="findShamList" resultType="com.infox.tourism.entity.PedestrianInfoEntity">
        SELECT b.* FROM 
		order_info a 
		JOIN pedestrian_info b ON a.order_id=b.order_id
		WHERE 
			a.activity_id=#{activityId} 
			AND a.o_type!=1 
			and b.is_delete!=0 
			<!-- -99 虚假会员 -->
			and a.pay_status=-99
		order by b.create_time asc
		limit 0, #{size}
    </select>

	<!-- 查询某个订单下的出行人列表 -->
	<!-- pedestrian_status: 1:正常,2:改期,3:退款,4:申请退款 -->
	<select id="findByOrderId" resultType="com.infox.tourism.entity.PedestrianInfoEntity">
        SELECT a.* FROM 
		pedestrian_info a 
		WHERE 
		a.order_id=#{orderId} and a.is_delete!=0
		<!-- 		and a.pedestrian_status!=3 -->
		order by a.create_time asc
    </select>
    
    <!-- pedestrian_status: 1:正常,2:改期,3:退款,4:申请退款 -->
   	<select id="queryPedestrianOfOrderByOrderId" resultType="com.infox.tourism.entity.PedestrianInfoEntity">
        SELECT is_delete,
			pedestrian_id,
			p_identity,
			false_member_id,
			people_type,
			is_insurance,
			p_product,
			p_age,
			p_gender,
			pedestrian_status,
			activity_id,
			contact_phone,
			contact_people,
			signin_status,
			create_time,
			create_by,
			trxid,
			birthday,
			order_id,
			certificate_type,
			is_coupons,
			product_id,
			is_change_date,
			is_voucher_bese,
			order_amount,
			refund_amount,
			voucher_base_id,
			p_role,
			is_product,
			provinces,
			update_by,
			p_sex,
			amount,
			traffic_mode_name,
			trafflic_mode_amount
		FROM pedestrian_info a
		WHERE 
		a.order_id=#{orderId} 
		<!-- 		查询订单下的出行人, 默认查所有 status == 1时，查询非退款和非改期状态的出行人 -->
		<if test="status == 1">
			and a.is_delete!=0
			and a.pedestrian_status!=3
			and a.pedestrian_status!=2
		</if>
		<!-- status = 4 时仅查询申请退款数据 -->
		<if test="status == 4">
			<!-- 1:正常,2:已改期,3:已退款,4:申请退款 -->
			and a.pedestrian_status=4
		</if>
		order by a.create_time asc
    </select>
    
    <!-- pedestrian_status: 1:正常,2:改期,3:退款,4:申请退款 -->
   	<select id="queryExitPedestrianOfOrderByOrderId" resultType="com.infox.tourism.entity.PedestrianInfoEntity">
        SELECT a.* FROM 
		pedestrian_info a 
		WHERE 
		a.order_id=#{orderId} and a.is_delete!=0
<!-- 		and a.pedestrian_status!=3 -->
		order by a.create_time asc
    </select>
    
    
    
    <update id="updatePedestrianInfoStatus">
        update pedestrian_info set is_delete=#{deleteStatus}, update_time=now()
		WHERE pedestrian_id=#{pedestrianId}
    </update>

    <!--根据订单id删除出行人-->
    <update id="deleteByOrderId">
        UPDATE pedestrian_info SET
        is_delete = #{isDelete}, update_time=now()
        WHERE order_id = #{orderId}
    </update>
    
    <!-- pedestrian_status: 1:正常,2:改期,3:退款,4:申请退款 -->
    <select id="selectPedestrianCountByActivityIdAndIdCard" resultType="int">
    	select count(1) from pedestrian_info a 
		join order_info b on a.order_id=b.order_id
		where 
			a.activity_id=#{activityId} 
			and a.p_identity=#{idCard} 
			and a.pedestrian_status=1
			and b.is_delete=1
			and (b.pay_status=1 or b.pay_status=2)
    </select>

	<!-- 查询出行人(报名人及出行人总的数量) -->
	<!-- pedestrian_status: 1:正常,2:改期,3:退款 -->
	<select id="selectPedestrianInfoByActivityId" resultType="com.infox.tourism.entity.vo.activityDetailVO.TripPeopleVO" >
		select 
			oi.order_id, 
			oi.user_id, 
			ui.nick_name, 
			ui.head_img, 
			count(pif.pedestrian_id) as trip_num 
		from pedestrian_info pif
		join order_info oi on pif.order_id=oi.order_id
		join user_info ui on ui.user_id=oi.user_id
		where pif.is_delete != 0 and pif.activity_id=#{activityId}
			<!-- (0:新订单  1:取消订单 2:退款申请 3:退款失败 4:退款成功 5:已改期) -->
<!-- 			and oi.order_status!=1  -->
<!-- 			and oi.order_status!=4  -->
<!-- 			and oi.order_status!=5 -->
			and oi.order_status = 0
			and (oi.is_delete is null or oi.is_delete=1)
			<!-- 支付状态[0，未付款, 1，已付款  -1,退款] -->
			and oi.pay_status != -1
			and oi.pay_status != 0
			<!-- 1:正常,2:已改期,3:已退款,4:申请退款 -->
<!-- 			and pif.pedestrian_status!=2 -->
<!-- 			and pif.pedestrian_status!=3 -->
			and pif.pedestrian_status=1
		group by oi.order_id, oi.user_id
	</select>
	
	<!-- 修改出行人状态 -->
	<update id="updatePedestrianStatus">
		update pedestrian_info set pedestrian_status=#{pedestrianStatus}, update_time=now()
		where 
			pedestrian_id=#{pedestrianId}
	</update>

	<!--查询某个订单下的出行人列表           新接口-->
	<select id="findByOrderIdList" resultType="com.infox.tourism.entity.PedestrianInfoEntity">
		SELECT a.* FROM
		pedestrian_info a
		WHERE
		a.order_id=#{orderId} and a.is_delete!=0
		and a.pedestrian_status!=3
		order by a.create_time asc
	</select>
	
    <!-- 查询出行人 -->
    <select id="selectInPedestrianId" resultType="com.infox.tourism.entity.PedestrianInfoEntity">
    	SELECT
			is_delete,
			pedestrian_id,
			p_identity,
			false_member_id,
			people_type,
			is_insurance,
			p_product,
			p_age,
			p_gender,
			pedestrian_status,
			activity_id,
			contact_phone,
			contact_people,
			signin_status,
			create_time,
			create_by,
			trxid,
			birthday,
			order_id,
			certificate_type,
			is_coupons,
			product_id,
			is_change_date,
			is_voucher_bese,
			order_amount,
			voucher_base_id,
			p_role,
			is_product,
			provinces,
			update_by,
			p_sex,
			amount
		FROM
			pedestrian_info
		WHERE pedestrian_id in
		<foreach collection="pedestrianIds" item="id" open="(" close=")" separator=",">
			#{id}
		</foreach>
    </select>
    
    <update id="updateStatusInPedestrianIds">
    	update pedestrian_info set pedestrian_status=#{pedestrianStatus}, update_time=now()
    	WHERE pedestrian_id in
		<foreach collection="pedestrianIds" item="id" open="(" close=")" separator=",">
			#{id}
		</foreach>
    </update>
    
    <update id="updateIsSignin">
    	update pedestrian_info set is_signin=1, update_time=now() where pedestrian_id=#{pedestrianId}
    </update>
	
	
	<!-- 查询信息 -->
	<select id="findByActivityId" resultType="com.infox.tourism.entity.PedestrianInfoEntity">
		select
		a.contact_people,
		a.contact_phone,
		a.signin_status,
		c.head_img
		from pedestrian_info a
		join order_info b on a.order_id=b.order_id
		join user_info c on c.user_id=b.user_id
		where b.o_type=1 and  b.order_status=0 
		and b.pay_status=1 and a.pedestrian_status = 1
		and b.activity_id=#{activityId}
	</select>

</mapper>