<?xml version="1.0" encoding="UTF-8"?>
<!DOCTYPE mapper PUBLIC "-//mybatis.org//DTD Mapper 3.0//EN" "http://mybatis.org/dtd/mybatis-3-mapper.dtd">

<mapper namespace="com.infox.tourism.dao.PersonalSettingsDao">

	<!-- 可根据自己的需求，是否要使用 -->
    <resultMap type="com.infox.tourism.entity.PersonalSettingsEntity" id="personalSettingsMap">
        <result property="id" column="id"/>
        <result property="settingId" column="setting_id"/>
        <result property="leaderMovingTips" column="leader_moving_tips"/>
        <result property="lineTips" column="line_tips"/>
        <result property="enrollName" column="enroll_name"/>
        <result property="hideTravels" column="hide_travels"/>
        <result property="city" column="city"/>
        <result property="cityId" column="city_id"/>
    </resultMap>

    <!-- 查询分页 -->
    <select id="queryPage" resultType="com.infox.tourism.entity.PersonalSettingsEntity">
        SELECT * FROM personal_settings
    </select>

    <!--领队动态提醒      1 开启   2  关闭-->
    <update id="updateLeaderMovingTips">
        UPDATE personal_settings
        SET leader_moving_tips = #{leaderMovingTips}
        WHERE
        setting_id = #{settingId}
    </update>

    <!--全新线路时提醒   1 开启   2  关闭-->
    <update id="updateLineTips">
        UPDATE personal_settings
        SET line_tips = #{lineTips}
        WHERE
         setting_id = #{settingId}
    </update>

    <!--报名名额提醒  1 开启   2  关闭-->
    <update id="updateEnrollName">
        UPDATE personal_settings
        SET enroll_name = #{enrollName}
        WHERE
        setting_id = #{settingId}
    </update>

    <!--隐藏游记   1 开启   2  关闭-->
    <update id="updateHideTravels">
        UPDATE personal_settings
        SET hide_travels = #{hideTravels}
        WHERE
         setting_id = #{settingId}
    </update>

    <!--根据openId查询-->
    <select id="selectByUserId" resultType="com.infox.tourism.entity.PersonalSettingsEntity">
        SELECT * FROM personal_settings WHERE user_id = #{userId}
    </select>


</mapper>