<?xml version="1.0" encoding="UTF-8"?>
<!DOCTYPE mapper PUBLIC "-//mybatis.org//DTD Mapper 3.0//EN" "http://mybatis.org/dtd/mybatis-3-mapper.dtd">

<mapper namespace="com.infox.tourism.dao.PhotoDao">

	<!-- 可根据自己的需求，是否要使用 -->
    <resultMap type="com.infox.tourism.entity.PhotoEntity" id="photoMap">
        <result property="id" column="id"/>
        <result property="photoId" column="photo_id"/>
        <result property="albumId" column="album_id"/>
        <result property="userId" column="user_id"/>
        <result property="isDelete" column="is_delete"/>
        <result property="pUrl" column="p_url"/>
        <result property="pDescription" column="p_description"/>
        <result property="createTime" column="create_time"/>
        <result property="updateBy" column="update_by"/>
        <result property="updateTime" column="update_time"/>
    </resultMap>

    <!-- 查询分页 -->
    <select id="queryPage" resultType="com.infox.tourism.entity.PhotoEntity">
        SELECT * FROM photo WHERE is_delete = '1'
    </select>

    <!-- 根据相册id查询照片 -->
    <select id="queryByAlbumId" resultType="com.infox.tourism.entity.PhotoEntity">
        SELECT * FROM photo WHERE album_id = #{albumId} AND is_delete = '1' ORDER BY create_time DESC
    </select>

    <!--删除图片-->
    <update id="updateByPhotoId">
        UPDATE photo SET is_delete = #{isDelete} WHERE photo_id = #{photoId}
    </update>

    <!--更新相片-->
    <update id="updatePhoto">
        UPDATE photo SET p_url = #{pUrl} WHERE photo_id = #{photoId}
    </update>

    <!--总数-->
    <select id="total" resultType="integer">
        SELECT COUNT(*) FROM photo WHERE album_id = #{albumId} AND is_delete = '1'
    </select>





</mapper>