<?xml version="1.0" encoding="UTF-8"?>
<!DOCTYPE mapper PUBLIC "-//mybatis.org//DTD Mapper 3.0//EN" "http://mybatis.org/dtd/mybatis-3-mapper.dtd">
<mapper namespace="com.infox.tourism.dao.ProductByOrderDao">

	<resultMap id="BaseResultMap" type="com.infox.tourism.entity.ProductByOrder">
		<id column="product_by_order_id" property="productByOrderId" />
		<result column="id" property="id" />
		<result column="product_id" property="productId" />
		<result column="product_num" property="productNum" />
		<result column="activity_id" property="activityId" />
		<result column="order_id" property="orderId" />
		<result column="create_by" property="createBy" />
		<result column="create_time" property="createTime" />
		<result column="update_by" property="updateBy" />
		<result column="update_time" property="updateTime" />
	</resultMap>

	<!-- 订单产品状态(1:正常,2:已改期,3:已退款,4:申请退款) -->
	<update id="batchUpdateStatus">
		update product_by_order
		set product_by_order_status=#{productByOrderStatus}
		WHERE product_by_order_id in
		<foreach collection="productByOrderIds" item="id" open="(" close=")" separator=",">
			#{id}
		</foreach>
	</update>
	
	<!-- 查询订单下的商品 -->
	<select id="selectInProductByOrderId" resultType="com.infox.tourism.entity.ProductByOrder">
		select 
			product_by_order_id,
			product_id,
			product_num,
			activity_id,
			order_id,
			price,
			order_amount,
			product_by_order_status
		from product_by_order
		WHERE product_by_order_id in
		<foreach collection="productByOrderIds" item="id" open="(" close=")" separator=",">
			#{id}
		</foreach>
	</select>
	
	<!-- 订单产品状态(1:正常,2:已改期,3:已退款,4:申请退款) -->
	<update id="updateStatusAndApplyRefundNum">
		update product_by_order
		set 
			product_by_order_status=#{productByOrderStatus},
			apply_refund_num=#{applyRefundNum}
		WHERE product_by_order_id=#{productByOrderId}
	</update>
	
	<!-- 查询订单下的商品, 默认查所有 -->
	<select id="queryByOrderId" resultType="com.infox.tourism.entity.vo.OrderVO.ProductByOrderVO">
		SELECT
			a.product_by_order_id,
			a.product_id,
			a.product_num,
			a.activity_id,
			a.order_id,
			a.order_amount,
			a.apply_refund_num,
			a.price,
			a.product_by_order_status,
			b.product_name,
			a.refund_amount,
			b.product_icon
		FROM
			product_by_order a
		JOIN product_info b ON a.product_id = b.product_id
		WHERE a.order_id=#{orderId}
		<if test="status == 1">
			<!-- 1:正常,2:已改期,3:已退款,4:申请退款 -->
			and a.product_by_order_status!=2
			and a.product_by_order_status!=3
		</if>
		<!-- status = 4 时仅查询申请退款数据 -->
		<if test="status == 4">
			<!-- 1:正常,2:已改期,3:已退款,4:申请退款 -->
			and a.product_by_order_status=4
		</if>
	</select>
	
</mapper>