<?xml version="1.0" encoding="UTF-8"?>
<!DOCTYPE mapper PUBLIC "-//mybatis.org//DTD Mapper 3.0//EN" "http://mybatis.org/dtd/mybatis-3-mapper.dtd">

<mapper namespace="com.infox.tourism.dao.ProductInfoDao">

	<!-- 可根据自己的需求，是否要使用 -->
    <resultMap type="com.infox.tourism.entity.ProductInfoEntity" id="productInfoMap">
        <result property="id" column="id"/>
        <result property="productId" column="product_id"/>
        <result property="activityId" column="activity_id"/>
        <result property="productName" column="product_name"/>
        <result property="isDelete" column="is_delete"/>
        <result property="vipPrice" column="vip_price"/>
        <result property="productPrice" column="product_price"/>
        <result property="productStock" column="product_stock"/>
        <result property="productDescription" column="product_description"/>
        <result property="productIcon" column="product_icon"/>
        <result property="productStatus" column="product_status"/>
        <result property="createBy" column="create_by"/>
        <result property="createTime" column="create_time"/>
        <result property="updateBy" column="update_by"/>
        <result property="updateTime" column="update_time"/>
    </resultMap>

	<!-- 查询某个订单下的商品列表 -->
	<select id="findProductByOrderId" resultType="com.infox.tourism.entity.vo.productVO.ProductInfoVO">
        select b.*, a.product_num, a.order_amount, a.price from product_by_order a
		inner join product_info b on a.product_id=b.product_id
		where a.order_id=#{orderId}
			and a.product_by_order_status!=3
			and a.product_by_order_status!=2
    </select>
    
    <select id="findExitProductByOrderId" resultType="com.infox.tourism.entity.vo.productVO.ProductInfoVO">
        select b.*, a.product_num, a.order_amount, a.price from product_by_order a
		inner join product_info b on a.product_id=b.product_id
		where a.order_id=#{orderId}
<!-- 		and a.product_by_order_status=4 -->
    </select>

	<delete id="deleteProductByOrderId">
        delete from product_by_order
		where order_id=#{orderId}
    </delete>
    
</mapper>