<?xml version="1.0" encoding="UTF-8"?>
<!DOCTYPE mapper PUBLIC "-//mybatis.org//DTD Mapper 3.0//EN" "http://mybatis.org/dtd/mybatis-3-mapper.dtd">

<mapper namespace="com.infox.tourism.dao.RefundRulesDao">

	<!-- 可根据自己的需求，是否要使用 -->
    <resultMap type="com.infox.tourism.entity.RefundRulesEntity" id="refundRulesMap">
        <result property="refundRulesId" column="refund_rules_id"/>
        <result property="activityId" column="activity_id"/>
        <result property="distanceCancelTime" column="distance_cancel_time"/>
        <result property="refundPercent" column="refund_percent"/>
        <result property="createBy" column="create_by"/>
        <result property="createTime" column="create_time"/>
        <result property="updateBy" column="update_by"/>
        <result property="updateTime" column="update_time"/>
    </resultMap>
    <!--根据活动id删除-->
    <delete id="deleteByActivityId">
        DELETE FROM refund_rules WHERE activity_id = #{activityId}
    </delete>

    <!-- 查询分页 -->
    <select id="queryPage" resultType="com.infox.tourism.entity.RefundRulesEntity">
        SELECT * FROM refund_rules
    </select>

    <!--根据活动id查询退款规则-->
    <select id="selectByActivityId" resultType="com.infox.tourism.entity.vo.activity.RefundRulesVO">
        SELECT * FROM refund_rules WHERE activity_id = #{activityId} ORDER BY distance_cancel_time desc
    </select>


</mapper>