<?xml version="1.0" encoding="UTF-8"?>
<!DOCTYPE mapper PUBLIC "-//mybatis.org//DTD Mapper 3.0//EN" "http://mybatis.org/dtd/mybatis-3-mapper.dtd">

<mapper namespace="com.infox.tourism.dao.TravelsDao">

	<!-- 可根据自己的需求，是否要使用 -->
    <resultMap type="com.infox.tourism.entity.TravelsEntity" id="travelsMap">
        <result property="id" column="id"/>
        <result property="travelsId" column="travels_id"/>
        <result property="traTitle" column="tra_title"/>
        <result property="authorId" column="author_id"/>
        <result property="traContent" column="tra_content"/>
        <result property="leaderInformationId" column="leader_information_id"/>
        <result property="mpUrl" column="mp_url"/>
        <result property="releaseTime" column="release_time"/>
        <result property="releaseBy" column="release_by"/>
        <result property="updateTime" column="update_time"/>
        <result property="updateBy" column="update_by"/>
        <result property="requestStatus" column="request_status"/>
        <result property="postTime" column="post_time"/>
        <result property="collectNum" column="collect_num"/>
        <result property="isDelete" column="is_delete"/>
        <result property="createBy" column="create_by"/>
        <result property="createTime" column="create_time"/>
        <result property="approveBy" column="approve_by"/>
        <result property="approveTime" column="approve_time"/>
         <result property="remarks" column="remarks"/>
    </resultMap>

    <!-- 查询分页 -->
    <select id="queryPage" resultType="com.infox.tourism.entity.vo.travelsVO.TravelsVo">
        SELECT l.travels_id,l.tra_title,l.tra_content,l.mp_url,l.collect_num,l.request_status,l.remarks,l.relay_num,l.author_id,
        l.release_by,date_format(l.release_time, '%Y-%m-%d') releaseTime,lt.nick_name userName,lt.head_img,
        (select count(co.collect_user_id) from collect co 
        where co.travels_activity_id = l.travels_id and co.user_id=#{userId} and co.is_enable='1')  collectOrNot
        FROM travels l
        LEFT JOIN user_info lt on lt.user_id = l.author_id        
        where l.request_status='1' 
            and l.is_delete = '1'
            ORDER BY l.release_time desc
           
    </select>

	<!-- 我的游记列表 -->
    <select id="myTravelsList" resultType="com.infox.tourism.entity.vo.travelsVO.TravelsVo">
       SELECT l.travels_id,l.tra_title,l.tra_content,l.mp_url,l.collect_num,l.request_status,l.remarks,relay_num,l.author_id,
        l.release_by,date_format(l.release_time, '%Y-%m-%d') releaseTime,lt.nick_name userName,lt.head_img
        FROM travels l
        LEFT JOIN user_info lt on lt.user_id = l.author_id        
        where
         l.is_delete = '1'
         and l.author_id=#{userId}       
    </select>

	<!-- 根据id查询 -->
    <select id="selectById" resultType="com.infox.tourism.entity.vo.travelsVO.TravelsVo">
		SELECT
			l.travels_id,
			l.tra_title,
			l.tra_content,
			l.mp_url,
			l.collect_num,
			l.request_status,
			l.remarks,
			relay_num,
			l.author_id,
			l.release_by,
			date_format(l.release_time, '%Y-%m-%d') releaseTime
		FROM
			travels l
		WHERE
			l.travels_id = #{travelsId}
    </select>
    
    <!-- 查询当前用户是否收藏游记 -->
    <select id="isCollect" resultType="int">
    	SELECT
			count(co.collect_user_id)
		FROM
			collect co
		WHERE
				co.travels_activity_id = #{travelsId}
			AND co.user_id = #{userId}
			AND co.is_enable = 1
    </select>

	<!--修改-->
    <update id="updateById" parameterType="com.infox.tourism.entity.TravelsEntity">
        update travels set
        request_status = #{requestStatus},   
        tra_title = #{traTitle},
        mp_url=#{mpUrl},
        tra_content = #{traContent}, 
        update_by = #{updateBy},  
        update_time = #{updateTime},
        post_time=#{postTime}
        <!-- mp_url = #{mpUrl}, 
        collect_num = #{collectNum}  -->      
        where
        travels_id = #{travelsId}
    </update>

     <!--游记转发-->
    <update id="updateRelay" parameterType="com.infox.tourism.entity.TravelsEntity">
        update travels set
        relay_num = #{relayNum}
        where
        travels_id = #{travelsId}
    </update>
    
    <!--删除全部-->
    <update id="deleteList" parameterType="com.infox.tourism.entity.TravelsEntity">
        update travels set
        is_delete = #{isDelete}
        where
        travels_id = #{travelsId}
    </update>

</mapper>