<?xml version="1.0" encoding="UTF-8"?>
<!DOCTYPE mapper PUBLIC "-//mybatis.org//DTD Mapper 3.0//EN" "http://mybatis.org/dtd/mybatis-3-mapper.dtd">

<mapper namespace="com.infox.tourism.dao.UserInfoDao">

    <!-- 查询分页 -->
    <select id="queryPage" resultType="com.infox.tourism.entity.UserInfoEntity">
        SELECT * FROM user_info
    </select>

    <!-- 查询分页 -->
    <select id="selectByUserId" resultType="com.infox.tourism.entity.vo.albumVO.FootprintVo">
           SELECT
                 ai.outset_time,
                 di.d_city,
                 ai.activity_name,
                 ai.activity_id
            FROM
                user_info ui
                LEFT JOIN order_info oi ON ui.user_id = oi.user_id
                LEFT JOIN activity_info ai ON ai.activity_id = oi.activity_id
                LEFT JOIN line l ON l.line_id = ai.line_id
                LEFT JOIN destination_info di ON l.destination_id = di.destination_id
            WHERE
                ui.user_id = #{userId}
                AND ai.activity_status = '4'
                AND oi.pay_status = '1'
            ORDER BY
                ai.outset_time DESC
    </select>
    
    <!-- 使用openid获取用户对象 -->
    <select id="getByOpenId" resultType="com.infox.tourism.entity.UserInfoEntity" parameterType="string">
        SELECT * FROM user_info a where a.open_id=#{openId} order by a.create_time ASC limit 1
    </select>
    
    <select id="getByUnionId" resultType="com.infox.tourism.entity.UserInfoEntity">
    	SELECT * FROM user_info a where a.union_id=#{unionId} order by a.create_time ASC limit 1
    </select>

    <!--根据openid查询用户页面数据-->
    <select id="selectUserInfoByUserId" resultType="com.infox.tourism.entity.vo.UserVO.UserVO">
<!--         SELECT -->
<!--             ui.*,ni.* -->
<!--         FROM -->
<!--             user_info ui -->
<!--             JOIN num_integral ni ON ui.user_id = ni.user_id -->
<!--         WHERE -->
<!--             ui.user_id = #{userId} -->
<!--         limit 1 -->
        SELECT
			a.user_id,
			a.nick_name,
			a.u_sex,
			a.u_phone,
			a.real_work,
			a.end_time,
			a.personal_hobby,
			a.u_signature,
			a.u_vip,
			a.head_img,
			b.num_integral,
			a.update_time
		FROM
			user_info a
		JOIN num_integral b ON a.user_id = b.user_id
		WHERE
			a.user_id = #{userId}
        limit 1
    </select>
    
    <select id="selectLeaderByUserId" resultType="java.lang.Integer">
        select count(1) from leader_info a
        join leader_apply b on a.leader_id=b.leader_id
        where a.user_id=#{userId} and b.l_status=1 and a.is_delete = 1
    </select>

    <!--更新用户信息-->
    <update id="updateUserInfoByUserId">
        UPDATE user_info SET
          nick_name = #{nickName},
          u_sex = #{uSex},
          u_phone = #{uPhone},
          real_work = #{realWork},
          personal_hobby = #{personalHobby},
          u_signature = #{uSignature},
          head_img=#{headImg},
          update_time = #{updateTime}
        WHERE
        user_id = #{userId}
    </update>

    <!--更新vip会员状态-->
    <update id="updateUserInfoVip">
        UPDATE user_info SET
        u_vip = #{uVip}
        WHERE
        user_id = #{userId}
    </update>

    <!--开通会员信息-->
    <update id="updateUserInfoVipByUserId">
        UPDATE user_info SET
        u_phone = #{uPhone},
        real_name = #{realName},
        end_time = #{endTime},
        id_card = #{idCard}
        WHERE
        user_id = #{userId}
    </update>

    <!--开通会员信息-->
    <update id="updateUserInfoEndTime">
        UPDATE user_info SET
        end_time = #{endTime}
        WHERE
        user_id = #{userId}
    </update>

	<select id="isLeader" resultType="int">
		SELECT
			count(1)
		FROM
			leader_info a
		JOIN leader_apply b ON a.leader_id = b.leader_id
		WHERE
			b.l_status = 1
		AND a.user_id = #{userId}
	</select>

    <!--更新&#45;&#45;我的背景圖-->
    <update id="updateBackgroundImg">
        update user_info set img= #{url} WHERE user_id = #{userId}
    </update>

    <!--我的足迹总数-->
    <select id="getByNumFootprint" resultType="java.lang.Integer">
        SELECT
            count(*)
        FROM
            user_info ui
            LEFT JOIN order_info oi ON ui.user_id = oi.user_id
            LEFT JOIN activity_info ai ON ai.activity_id = oi.activity_id
            LEFT JOIN line l ON l.line_id = ai.line_id
            LEFT JOIN destination_info di ON l.destination_id = di.destination_id
        WHERE
            ui.user_id = #{userId}
            AND ai.activity_status = 4
            AND oi.pay_status = 1
        ORDER BY
            ai.outset_time DESC
    </select>

    <!--我的收藏总数-->
    <select id="getByNumCollect" resultType="java.lang.Integer">
        SELECT count(*) FROM `collect` WHERE user_id = #{userId} AND is_enable = 1
    </select>

	<update id="setUnionId">
		update user_info set union_id=#{unionId} where user_id=#{userId}
	</update>
	
	<update id="updateUserCity">
		UPDATE user_info
		SET country = #{country},
			u_province=#{uProvince},
			u_city=#{uCity},
			area=#{area},
			address=#{address}  
		WHERE user_id=#{userId}
	</update>
    
    <update id="updateByUserTime">
        UPDATE user_info
        SET update_time = #{updateTime}
		WHERE user_id=#{userId}
    </update>
	
</mapper>