<?xml version="1.0" encoding="UTF-8"?>
<!DOCTYPE mapper PUBLIC "-//mybatis.org//DTD Mapper 3.0//EN" "http://mybatis.org/dtd/mybatis-3-mapper.dtd">

<mapper namespace="com.infox.tourism.dao.VipOpenRecordDao">

    <!-- 查询分页 -->
    <select id="queryPage" resultType="com.infox.tourism.entity.VipOpenRecordEntity">
        SELECT * FROM vip_open_record
    </select>

    <!-- 查询分页 -->
    <select id="selectByVipId" resultType="com.infox.tourism.entity.VipOpenRecordEntity">
        SELECT
            *
        FROM
            vip_record v
            JOIN vip_open_record vor ON v.vip_id = vor.vip_id
        WHERE
            v.vip_id = #{vipId}
    </select>

    <!--设置订单交易流水号-->
    <update id="updateVipOpenRecordTrxid" >
        UPDATE vip_open_record
        SET trxid = #{trxid}
        WHERE
        vip_id = #{vipId}
    </update>

    <!--开通会员信息-->
    <update id="updatePayStatus">
       UPDATE vip_open_record
        SET pay_status=#{payStatus}
        WHERE
            trxid = #{trxid}
    </update>

    <!-- 根据订单流水号查询 -->
    <select id="selectByTrxid" resultType="com.infox.tourism.entity.VipOpenRecordEntity">
        SELECT * FROM vip_open_record WHERE trxid = #{trxid}
    </select>


</mapper>