<?xml version="1.0" encoding="UTF-8"?>
<!DOCTYPE mapper PUBLIC "-//mybatis.org//DTD Mapper 3.0//EN" "http://mybatis.org/dtd/mybatis-3-mapper.dtd">

<mapper namespace="com.infox.tourism.dao.VipRecordDao">

	<!-- 可根据自己的需求，是否要使用 -->
    <resultMap type="com.infox.tourism.entity.VipRecordEntity" id="vipRecordMap">
        <result property="id" column="id"/>
        <result property="vipId" column="vip_id"/>
        <result property="userId" column="user_id"/>
        <result property="vipLevel" column="vip_level"/>
        <result property="effectivePeriod" column="effective_period"/>
        <result property="startTime" column="start_time"/>
        <result property="endTime" column="end_time"/>
        <result property="updateTime" column="update_time"/>
        <result property="updateBy" column="update_by"/>
        <result property="createBy" column="create_by"/>
        <result property="createTime" column="create_time"/>
    </resultMap>

    <!--根据用户id 查询-->
    <select id="selectByUserId" resultType="com.infox.tourism.entity.VipRecordEntity">
        SELECT * FROM vip_record WHERE user_id = #{userId}
    </select>

    <!--跟新拦截时间-->
    <update id="updateByEndTime">
        UPDATE vip_record SET end_time = #{endTime} WHERE user_id = #{userId}
    </update>

    <!--更新vip-->
    <update id="updateByVipRecordEntity">
        UPDATE vip_record SET start_time = #{startTime},end_time = #{endTime} WHERE user_id = #{userId}
    </update>

</mapper>