<?xml version="1.0" encoding="UTF-8"?>
<!DOCTYPE mapper PUBLIC "-//mybatis.org//DTD Mapper 3.0//EN" "http://mybatis.org/dtd/mybatis-3-mapper.dtd">

<mapper namespace="com.infox.tourism.dao.VoucherBaseInformationDao">

    <!-- 查询分页 -->
    <select id="selectByUserId" resultType="com.infox.tourism.entity.vo.couponVo.VoucherVo">
        SELECT
	        vr.*, 
	        vr.amount as vbi_subtract, 
	        vr.amount as vbi_money, 
	        vr.vr_status as `use`, 
	        vr.vr_type as vbi_type
        FROM
        vouchers_receive vr
        where 1=1
            and vr.user_id = #{userId}
            <if test="type == 0 or type == 1">
                AND vr.vr_status = #{type}
<!--                 AND date_format(vr.start_time, '%Y-%m-%d') &lt;= now() -->
				AND date_format(vr.end_time, '%Y-%m-%d') &gt;= now()
            </if>
            <if test="type == 2">
                AND vr.vr_status = #{type}
                AND date_format(vr.end_time, '%Y-%m-%d') &lt;= now()
            </if>
            ORDER BY vr.create_time DESC
    </select>
    
    <!--查询总数-->
    <select id="selectTotel" resultType="java.lang.Integer">
        SELECT count(0) FROM voucher_base_information WHERE is_delete = '1'
    </select>

    <!--根据主键查询-->
    <select id="selectByPrimaryId" resultType="com.infox.tourism.entity.VoucherBaseInformationEntity">
       select * from voucher_base_information WHERE voucher_base_id = #{voucherBaseId}
    </select>

    <!--立即使用-->
    <update id="updateVouchersReceiveByStatus">
        UPDATE `vouchers_receive` SET
        `vr_status` = #{vrStatus}
        WHERE
        vouchers_receive_id = #{vouchersReceiveId}
    </update>

    <!--立即兑换-->
    <update id="updateIsNeedScord" parameterType="com.infox.tourism.entity.VoucherBaseInformationEntity">
        UPDATE `voucher_base_information` SET
        is_need_scord = #{isNeedScord}
        WHERE
        voucher_base_id = #{voucherBaseId}
    </update>

    <!--删除-->
    <update id="deleteList" parameterType="com.infox.tourism.entity.VoucherBaseInformationEntity">
        update voucher_base_information set
        is_delete = #{isDelete}
        where
        voucher_base_id = #{voucherBaseId}
    </update>


    <!-- 积分商城 -->
    <select id="convertProductList" resultType="com.infox.tourism.entity.vo.couponVo.VoucherVo">
        SELECT
        *
        FROM
        user_info ui
        LEFT JOIN vouchers_receive vr ON ui.user_id = vr.user_id
        LEFT JOIN voucher_base_information vbi ON vbi.voucher_base_id = vr.voucher_base_id
        <where>
            ui.user_id = #{userId}
            <if test="isNeedScord != null">
                AND vbi.is_need_scord = #{isNeedScord}
            </if>
            AND vbi.is_delete = '1'
            ORDER BY vbi.create_time DESC
        </where>
    </select>

    <!--查询积分兑换的记录-->
    <select id="selectVouchersReceiveByOpenId" resultType="com.infox.tourism.entity.vo.couponVo.VoucherVo">
        SELECT
            *
        FROM
            vouchers_receive a
            JOIN user_info b ON a.user_id = b.user_id
        WHERE
            b.user_id = #{userId}
    </select>

    <!--未兑换商品  所有优惠券-->
    <select id="couponList" resultType="com.infox.tourism.entity.vo.couponVo.VoucherVo">
        SELECT
        *
        FROM
        voucher_base_information
        WHERE
        exchange = 1
        AND is_delete = 1
        AND NOW( ) &gt;= start_time
        AND NOW( ) &lt;= end_time
        ORDER BY
        create_time DESC
    </select>


</mapper>