<?xml version="1.0" encoding="UTF-8"?>
<!DOCTYPE mapper PUBLIC "-//mybatis.org//DTD Mapper 3.0//EN" "http://mybatis.org/dtd/mybatis-3-mapper.dtd">

<mapper namespace="com.infox.tourism.dao.VoucherDao">
	
	<!-- 查询按用户推送的优惠券 -->
    <select id="selectUserPushVoucher" resultType="com.infox.tourism.entity.vo.indexVO.VoucherIndexVO">
        SELECT
			a.voucher_push_id AS voucher_id,
			b.vbi_name AS voucher_name,
			b.vbi_description AS voucher_description,
			b.vbi_type AS voucher_type,
			b.vbi_money AS voucher_money,
			b.start_time,
			b.end_time,
			b.vbi_full AS voucher_full,
			b.vbi_subtract AS voucher_subtract,
			b.is_need_scord,
			b.scord_num,
			b.line_type_id,
			b.destination_id
		FROM
			voucher_push a
		JOIN voucher_base_information b ON a.voucher_base_id = b.voucher_base_id
		WHERE
			b.is_delete = 1
		AND a.user_id = #{userId}
		AND a.is_receive = 0
		AND date_format(now(), '%Y-%m-%d') >= date_format(b.start_time, '%Y-%m-%d')
		AND date_format(b.end_time, '%Y-%m-%d') >= date_format(now(), '%Y-%m-%d')
		ORDER BY b.start_time DESC
    </select>
    
    <!-- 查询按城市推送的优惠券 -->
    <select id="selectCityPushVoucher" resultType="com.infox.tourism.entity.vo.indexVO.VoucherIndexVO">
    	SELECT
			a.voucher_push_id AS voucher_id,
			b.vbi_name AS voucher_name,
			b.vbi_description AS voucher_description,
			b.vbi_type AS voucher_type,
			b.vbi_money AS voucher_money,
			b.start_time,
			b.end_time,
			b.vbi_full AS voucher_full,
			b.vbi_subtract AS voucher_subtract,
			b.is_need_scord,
			b.scord_num,
			b.line_type_id,
			b.destination_id
		FROM
			voucher_push a
		JOIN voucher_base_information b ON a.voucher_base_id = b.voucher_base_id
		WHERE
			b.is_delete = 1
		AND a.city_id = #{locationId}
		AND date_format(now(), '%Y-%m-%d') >= date_format(b.start_time, '%Y-%m-%d')
		AND date_format(b.end_time, '%Y-%m-%d') >= date_format(now(), '%Y-%m-%d')
		AND (
			SELECT
				count(1)
			FROM
				vouchers_receive c
			WHERE
				b.voucher_base_id = c.voucher_base_id
			AND c.user_id = #{userId}) = 0
    </select>
    
    <select id="selectVoucherReceiveByUserId" resultType="com.infox.tourism.entity.vo.couponVo.VoucherVo">
        SELECT
            *
        FROM
            `vouchers_receive` a
            JOIN voucher_base_information c ON a.voucher_base_id = c.voucher_base_id
            LEFT JOIN user_info b ON a.user_id = b.user_id
        WHERE
            a.vr_source = 2
            AND b.user_id = #{userId}
        ORDER BY
            a.create_time DESC
    </select>

    <insert id="insertReceiveVoucher">
        <foreach collection="voucherIds" item="voucherId" separator=";">
            insert into vouchers_receive(vouchers_receive_id,voucher_base_id,user_id,vr_source,vr_status,get_time,overdue_time,vr_type,create_by,create_time)
            select newid(),voucher_base_id,#{userId},'1','0',curdate(),end_time,vbi_type,#{userId},curdate() from voucher_base_information where voucher_base_id = #{voucherId}
        </foreach>
    </insert>

</mapper>