<?xml version="1.0" encoding="UTF-8"?>
<!DOCTYPE mapper PUBLIC "-//mybatis.org//DTD Mapper 3.0//EN" "http://mybatis.org/dtd/mybatis-3-mapper.dtd">

<mapper namespace="com.infox.tourism.dao.VouchersReceiveDao">

	<!-- 可根据自己的需求，是否要使用 -->
    <resultMap type="com.infox.tourism.entity.VouchersReceiveEntity" id="vouchersReceiveMap">
        <result property="id" column="id"/>
        <result property="vouchersReceiveId" column="vouchers_receive_id"/>
        <result property="voucherBaseId" column="voucher_base_id"/>
        <result property="userId" column="user_id"/>
        <result property="voucherId" column="voucher_id"/>
        <result property="orderId" column="order_id"/>
        <result property="vrSource" column="vr_source"/>
        <result property="getTime" column="get_time"/>
        <result property="overdueTime" column="overdue_time"/>
        <result property="usageRecord" column="usage_record"/>
        <result property="vrType" column="vr_type"/>
        <result property="vrStatus" column="vr_status"/>
        <result property="createBy" column="create_by"/>
        <result property="createTime" column="create_time"/>
        <result property="updateBy" column="update_by"/>
        <result property="updateTime" column="update_time"/>
    </resultMap>

    <!-- 查询分页 -->
    <select id="queryPage" resultType="com.infox.tourism.entity.VouchersReceiveEntity">
        SELECT * FROM vouchers_receive
    </select>

	<update id="updateByvouchersReceiveId" parameterType="com.infox.tourism.entity.VouchersReceiveEntity">
		update vouchers_receive
		<set>
			<if test="voucherBaseId != null">
				voucher_base_id = #{voucherBaseId},
			</if>
			<if test="userId != null">
				user_id = #{userId},
			</if>
			<if test="voucherId != null">
				voucher_id = #{voucherId},
			</if>
			<if test="orderId != null">
				order_id = #{orderId},
			</if>
			<if test="vrSource != null">
				vr_source = #{vrSource},
			</if>
			<if test="getTime != null">
				get_time = #{getTime},
			</if>
			<if test="overdueTime != null">
				overdue_time = #{overdueTime},
			</if>
			<if test="usageRecord != null">
				usage_record = #{usageRecord},
			</if>
			<if test="vrType != null">
				vr_type = #{vrType},
			</if>
			<if test="createBy != null">
				create_by = #{createBy},
			</if>
			<if test="createTime != null">
				create_time = #{createTime},
			</if>
			<if test="updateBy != null">
				update_by = #{updateBy},
			</if>
			<if test="updateTime != null">
				update_time = #{updateTime},
			</if>
			<if test="useSource != null">
				use_source = #{useSource},
			</if>
			<if test="useTime != null">
				use_time = #{useTime},
			</if>
			<if test="vrStatus != null">
				vr_status = #{vrStatus},
			</if>
		</set>
		where vouchers_receive_id = #{vouchersReceiveId}
	</update>
	
	<!-- 查询优惠券 -->
	<select id="queryVoucherById" resultType="com.infox.tourism.entity.vo.voucher.VoucherInfoVO">
		SELECT
			a.*, b.vbi_money,
			b.vbi_type,
			b.vbi_name
		FROM
			vouchers_receive a
		JOIN voucher_base_information b ON a.voucher_base_id = b.voucher_base_id
		where a.vouchers_receive_id=#{vouchersReceiveId}
	</select>
</mapper>